time,wave_height,wave_direction,wave_period,wind_wave_height,wind_wave_direction,wind_wave_period,swell_wave_height,swell_wave_direction,swell_wave_period,swell_wave_peak_period,wind_speed_10m_ecmwf_ifs025,wind_direction_10m_ecmwf_ifs025,wind_gusts_10m_ecmwf_ifs025,pressure_msl_ecmwf_ifs025,weather_code_ecmwf_ifs025,temperature_2m_ecmwf_ifs025,precipitation_ecmwf_ifs025,wind_speed_10m_icon_seamless,wind_direction_10m_icon_seamless,wind_gusts_10m_icon_seamless,pressure_msl_icon_seamless,weather_code_icon_seamless,temperature_2m_icon_seamless,precipitation_icon_seamless,wind_speed_10m_gfs_seamless,wind_direction_10m_gfs_seamless,wind_gusts_10m_gfs_seamless,pressure_msl_gfs_seamless,weather_code_gfs_seamless,temperature_2m_gfs_seamless,precipitation_gfs_seamless,wind_speed_10m_meteofrance_seamless,wind_direction_10m_meteofrance_seamless,wind_gusts_10m_meteofrance_seamless,pressure_msl_meteofrance_seamless,weather_code_meteofrance_seamless,temperature_2m_meteofrance_seamless,precipitation_meteofrance_seamless,wind_speed_10m_jma_seamless,wind_direction_10m_jma_seamless,wind_gusts_10m_jma_seamless,pressure_msl_jma_seamless,weather_code_jma_seamless,temperature_2m_jma_seamless,precipitation_jma_seamless,relative_humidity_2m_best_match,dew_point_2m_best_match,apparent_temperature_best_match,rain_best_match,snowfall_best_match,snow_depth_best_match,surface_pressure_best_match,cloud_cover_best_match,cloud_cover_low_best_match,cloud_cover_mid_best_match,cloud_cover_high_best_match,visibility_best_match,evapotranspiration_best_match,wind_speed_80m_best_match,wind_direction_80m_best_match,shortwave_radiation_best_match,direct_radiation_best_match,diffuse_radiation_best_match,direct_normal_irradiance_best_match,global_tilted_irradiance_best_match,terrestrial_radiation_best_match,cape_best_match,lifted_index_best_match,convective_inhibition_best_match,sunshine_duration_best_match,lightning_potential_best_match
2026-01-04T04:00,2.02,71,9.0,0.42,329,2.55,1.54,41,6.15,,25.5,316,28.4,1007.8,53,24.7,0.2,12.7,317,19.8,1007.6,80,25.6,0.1,5.6,255,6.1,1007.0,55,25.0,0.3,19.4,317,28.8,1007.2,3,23.6,0.0,20.9,285,,1007.2,3,25.8,0.0,91,24.0,29.9,0.0,0.0,0.0,1007.6,100,59,62,100,24140.0,0.07,13.8,319,0.0,0.0,0.0,0.0,0.0,0.0,540.0,-3.0,-24.0,0.0,
2026-01-04T04:15,2.06,71,9.15,0.42,329,2.55,1.56,40,6.25,,24.9,315,28.1,1007.8,53,24.7,0.2,12.5,314,19.1,1007.7,3,25.5,0.0,8.1,257,7.9,1007.1,3,25.0,0.0,18.1,317,28.1,1007.3,51,23.6,0.1,20.5,285,,1007.3,3,25.8,0.0,91,24.0,29.8,0.0,0.0,0.0,1007.7,100,60,68,100,24140.0,0.07,13.2,315,0.0,0.0,0.0,0.0,0.0,0.0,520.0,-2.9,-21.0,0.0,
2026-01-04T04:30,2.08,71,9.3,0.4,330,2.55,1.6,40,6.35,,24.2,314,27.7,1007.8,53,24.8,0.2,12.0,309,18.4,1007.8,3,25.5,0.0,10.8,255,10.8,1007.2,3,25.0,0.0,16.6,319,26.6,1007.4,51,23.6,0.1,20.3,287,,1007.4,3,25.8,0.0,92,24.1,29.8,0.0,0.0,0.0,1007.8,100,61,74,100,24140.0,0.07,12.5,311,0.0,0.0,0.0,0.0,0.0,0.0,510.0,-2.9,-17.0,0.0,
2026-01-04T04:45,2.12,72,9.4,0.4,330,2.5,1.62,40,6.45,,23.7,313,27.4,1007.9,53,24.8,0.2,11.6,306,17.6,1007.9,3,25.4,0.0,13.7,252,13.3,1007.3,3,25.0,0.0,15.1,322,25.2,1007.6,51,23.6,0.1,19.6,287,,1007.5,3,25.8,0.0,92,24.0,29.7,0.0,0.0,0.0,1007.9,100,61,80,100,24140.0,0.06,11.8,308,0.0,0.0,0.0,0.0,0.0,0.0,480.0,-2.8,-13.0,0.0,
2026-01-04T05:00,2.16,72,9.55,0.38,330,2.5,1.64,39,6.5,,22.9,312,27.0,1008.0,53,24.8,0.2,11.5,302,17.3,1008.1,3,25.3,0.0,15.0,249,14.8,1007.5,3,25.1,0.0,13.2,325,23.8,1007.7,51,23.7,0.1,19.4,288,,1007.6,3,25.8,0.0,92,23.9,29.7,0.0,0.0,0.0,1008.1,100,62,86,100,24140.0,0.06,11.7,304,0.0,0.0,0.0,0.0,0.0,0.0,460.0,-2.7,-10.0,0.0,
2026-01-04T05:15,2.18,73,9.65,0.38,330,2.5,1.66,39,6.6,,22.4,312,27.0,1008.0,53,24.8,0.2,11.4,298,16.9,1008.3,61,25.2,0.0,15.0,246,14.8,1007.7,3,25.1,0.0,10.6,332,22.7,1007.8,3,23.8,0.0,18.8,290,,1007.8,3,25.9,0.0,92,23.9,29.6,0.0,0.0,0.0,1008.3,100,57,83,100,24140.0,0.06,11.6,300,3.0,0.0,3.0,0.0,3.0,13.5,430.0,-2.7,-8.0,0.0,
2026-01-04T05:30,2.22,73,9.75,0.36,330,2.45,1.7,39,6.7,,21.9,311,26.6,1008.1,53,24.9,0.2,11.6,296,16.6,1008.6,61,25.2,0.0,14.0,241,13.7,1008.0,3,25.1,0.0,7.9,344,22.0,1008.0,3,23.8,0.0,18.3,292,,1007.9,3,25.9,0.0,92,23.8,29.5,0.0,0.0,0.0,1008.6,100,53,81,100,24140.0,0.06,11.9,295,17.0,0.0,17.0,0.0,17.0,86.9,410.0,-2.7,-6.0,0.0,
2026-01-04T05:45,2.24,74,9.85,0.36,330,2.45,1.72,38,6.75,,21.2,312,26.3,1008.2,53,24.9,0.2,11.6,292,16.2,1008.9,61,25.1,0.0,12.7,235,12.2,1008.2,3,25.0,0.0,6.1,3,20.5,1008.1,3,23.9,0.0,17.7,294,,1008.1,3,25.9,0.0,92,23.8,29.4,0.0,0.0,0.0,1008.9,100,48,78,100,24140.0,0.07,12.1,293,34.0,0.0,34.0,0.0,34.0,165.9,380.0,-2.7,-5.0,0.0,
2026-01-04T06:00,2.28,74,9.9,0.34,330,2.4,1.74,38,6.8,,20.7,311,25.9,1008.3,53,25.0,0.2,11.8,290,16.2,1009.1,61,25.1,0.0,12.1,233,11.5,1008.4,3,25.0,0.0,4.7,23,18.7,1008.2,3,23.9,0.0,17.2,296,,1008.2,3,26.0,0.0,92,23.7,29.3,0.0,0.0,0.0,1009.1,100,43,75,100,24140.0,0.07,12.3,291,55.0,1.0,54.0,5.8,55.0,245.0,360.0,-2.7,-4.0,0.0,
2026-01-04T06:15,2.28,74,9.9,0.32,331,2.35,1.74,38,6.85,,20.1,313,25.6,1008.4,3,25.0,0.0,11.8,290,16.2,1009.2,3,25.0,0.0,12.2,236,11.9,1008.5,3,25.0,0.0,3.2,27,15.5,1008.3,3,24.0,0.0,16.6,297,,1008.4,3,26.0,0.0,92,23.7,29.2,0.0,0.0,0.0,1009.2,100,42,78,100,24140.0,0.07,12.2,289,81.0,2.0,79.0,8.7,81.0,324.0,350.0,-2.7,-4.0,0.0,
2026-01-04T06:30,2.26,74,9.9,0.3,332,2.3,1.74,38,6.85,,19.4,313,24.8,1008.5,3,25.1,0.0,11.5,290,15.8,1009.2,3,25.0,0.0,12.7,241,12.2,1008.5,3,25.0,0.0,1.1,342,11.2,1008.4,3,24.0,0.0,16.1,299,,1008.5,3,26.0,0.0,92,23.6,29.2,0.0,0.0,0.0,1009.2,100,41,82,100,24140.0,0.07,11.8,290,107.0,3.0,104.0,10.5,107.0,402.4,350.0,-2.7,-4.0,0.0,
2026-01-04T06:45,2.26,74,9.9,0.3,333,2.25,1.74,38,6.85,,18.8,317,24.5,1008.7,3,25.2,0.0,11.5,290,16.2,1009.2,3,25.0,0.0,13.4,246,13.0,1008.4,3,25.1,0.0,2.5,270,7.2,1008.6,3,24.0,0.0,15.7,302,,1008.7,3,26.0,0.0,93,23.8,29.3,0.0,0.0,0.0,1009.2,100,40,85,100,24140.0,0.07,11.5,290,130.0,4.0,126.0,11.8,130.0,480.0,350.0,-2.7,-5.0,0.0,
2026-01-04T07:00,2.24,74,9.85,0.28,334,2.2,1.72,38,6.85,,18.1,319,23.8,1008.8,3,25.4,0.0,11.4,288,16.2,1009.3,3,25.0,0.0,13.4,250,13.3,1008.5,3,25.1,0.0,4.5,256,4.7,1008.7,3,24.0,0.0,15.3,304,,1008.8,3,26.0,0.0,93,23.7,29.2,0.0,0.0,0.0,1009.3,100,39,88,100,24140.0,0.07,11.4,288,146.0,4.0,142.0,10.2,146.0,556.5,350.0,-2.7,-5.0,0.0,
2026-01-04T07:15,2.24,74,9.75,0.26,335,2.15,1.72,38,6.85,,17.5,323,23.4,1009.0,3,25.5,0.0,11.9,284,16.6,1009.5,3,24.9,0.0,13.3,251,13.0,1008.7,3,25.1,0.0,5.9,256,4.3,1008.9,3,24.0,0.0,14.9,307,,1009.0,3,26.1,0.0,93,23.7,29.1,0.0,0.0,0.0,1009.5,100,43,91,100,24140.0,0.07,11.9,284,155.0,3.0,152.0,6.7,155.0,631.4,350.0,-2.8,-4.0,0.0,
2026-01-04T07:30,2.22,74,9.7,0.24,336,2.05,1.72,38,6.85,,17.2,327,22.7,1009.2,3,25.6,0.0,13.0,276,17.3,1009.8,3,24.9,0.0,12.6,250,12.6,1008.9,3,25.0,0.0,7.1,255,5.4,1009.1,3,24.0,0.0,14.3,309,,1009.1,3,26.1,0.0,94,23.9,29.0,0.0,0.0,0.0,1009.8,100,46,94,100,24140.0,0.07,13.0,276,165.0,2.0,163.0,4.0,165.0,704.5,340.0,-2.9,-4.0,0.0,
2026-01-04T07:45,2.22,74,9.6,0.22,337,2.0,1.72,39,6.85,,16.6,330,22.3,1009.3,3,25.8,0.0,13.7,273,18.0,1010.0,3,24.9,0.0,12.0,249,11.9,1009.2,3,25.0,0.0,7.7,259,7.2,1009.2,3,23.9,0.0,14.0,312,,1009.2,3,26.1,0.0,94,23.9,28.9,0.0,0.0,0.0,1010.0,100,50,97,100,24140.0,0.07,14.1,273,184.0,2.0,182.0,3.6,184.0,775.4,340.0,-3.0,-3.0,0.0,
2026-01-04T08:00,2.2,74,9.55,0.2,338,1.95,1.72,39,6.8,,16.4,334,22.0,1009.5,3,25.9,0.0,13.7,275,18.4,1010.2,3,24.9,0.0,11.0,247,10.8,1009.4,3,25.0,0.0,8.0,262,8.3,1009.4,3,23.9,0.0,13.8,313,,1009.3,3,26.1,0.0,94,23.9,28.9,0.0,0.0,0.0,1010.2,100,53,100,100,24140.0,0.07,14.1,274,211.0,2.0,209.0,3.4,211.0,843.9,360.0,-3.1,-2.0,0.0,
2026-01-04T08:15,2.2,74,9.45,0.2,339,1.9,1.72,39,6.8,,16.5,337,21.2,1009.7,3,26.0,0.0,12.3,285,18.7,1010.2,3,25.0,0.0,9.7,243,9.4,1009.6,3,25.1,0.0,7.2,270,9.0,1009.5,3,24.0,0.0,13.2,315,,1009.5,3,26.2,0.0,94,23.9,29.2,0.0,0.0,0.0,1010.2,100,56,100,100,24140.0,0.07,12.8,286,243.0,2.0,241.0,3.1,243.0,909.7,420.0,-3.1,-2.0,0.0,
2026-01-04T08:30,2.18,74,9.4,0.18,340,1.85,1.7,39,6.8,,16.2,339,20.9,1009.8,3,26.0,0.0,11.3,307,19.4,1010.2,3,25.0,0.0,8.1,238,7.6,1009.8,3,25.1,0.0,5.6,285,10.1,1009.7,3,24.2,0.0,13.0,316,,1009.5,3,26.2,0.0,95,24.2,29.6,0.0,0.0,0.0,1010.2,100,58,100,100,24140.0,0.08,11.8,308,275.0,2.0,273.0,2.9,275.0,972.5,500.0,-3.2,-1.0,0.0,
2026-01-04T08:45,2.18,74,9.35,0.16,341,1.8,1.7,39,6.75,,15.9,342,20.9,1009.9,3,26.1,0.0,12.1,330,19.8,1010.1,3,25.1,0.0,6.4,232,5.8,1010.0,3,25.1,0.0,4.4,305,10.4,1009.8,3,24.5,0.0,13.0,316,,1009.6,3,26.2,0.0,95,24.3,29.7,0.0,0.0,0.0,1010.1,100,61,100,100,24140.0,0.08,12.7,331,300.0,2.0,298.0,2.7,300.0,1031.9,570.0,-3.1,-1.0,0.0,
2026-01-04T09:00,2.16,74,9.35,0.14,342,1.75,1.7,39,6.75,,15.6,341,20.5,1010.0,3,26.2,0.0,13.3,341,19.4,1010.1,3,25.2,0.0,5.4,228,4.7,1010.1,3,25.2,0.0,3.8,319,10.4,1009.9,3,24.6,0.0,12.5,316,,1009.7,3,26.2,0.0,95,24.3,29.6,0.0,0.0,0.0,1010.1,100,63,100,100,24140.0,0.08,14.0,342,318.0,0.0,318.0,0.0,318.0,1087.9,630.0,-3.1,-1.0,0.0,
2026-01-04T09:15,2.16,75,9.35,0.14,338,1.75,1.7,39,6.75,,15.4,339,20.5,1010.1,3,26.2,0.0,13.3,341,18.4,1010.2,61,25.2,0.0,4.9,234,4.7,1010.2,51,25.2,0.1,2.8,310,9.0,1010.1,3,24.6,0.0,12.2,315,,1009.8,51,26.2,0.1,95,24.3,29.6,0.0,0.0,0.0,1010.2,100,63,100,100,23200.0,0.07,13.9,343,335.0,1.0,334.0,1.2,335.0,1140.0,650.0,-3.0,-1.0,0.0,
2026-01-04T09:30,2.18,75,9.35,0.14,334,1.7,1.7,39,6.75,,15.2,338,20.5,1010.1,3,26.2,0.0,12.2,336,16.9,1010.4,61,25.2,0.0,5.0,249,5.0,1010.3,51,25.2,0.1,2.5,270,6.8,1010.2,3,24.5,0.0,12.0,314,,1009.8,51,26.2,0.1,95,24.3,29.7,0.0,0.0,0.0,1010.4,100,63,100,100,22240.0,0.07,12.6,336,349.0,1.0,348.0,1.2,349.0,1188.2,650.0,-2.9,-1.0,0.0,
2026-01-04T09:45,2.18,76,9.35,0.14,329,1.7,1.7,39,6.7,,14.8,334,20.5,1010.2,3,26.2,0.0,11.2,327,15.5,1010.5,61,25.2,0.0,5.9,259,5.8,1010.4,51,25.2,0.1,3.9,236,5.0,1010.4,3,24.4,0.0,11.5,311,,1009.8,51,26.2,0.1,95,24.3,29.9,0.0,0.0,0.0,1010.5,100,62,100,100,21300.0,0.06,11.5,328,365.0,3.0,362.0,3.4,365.0,1232.1,640.0,-2.7,-1.0,0.0,
2026-01-04T10:00,2.18,76,9.4,0.12,325,1.7,1.7,39,6.7,,14.7,329,20.9,1010.2,3,26.2,0.0,10.5,319,14.4,1010.6,61,25.2,0.0,6.1,267,6.1,1010.4,51,25.2,0.1,5.4,222,4.3,1010.5,3,24.4,0.0,11.2,310,,1009.8,51,26.2,0.1,95,24.3,30.0,0.0,0.0,0.0,1010.6,100,62,100,100,20340.0,0.05,10.7,320,380.0,6.0,374.0,6.7,380.0,1271.7,640.0,-2.6,-1.0,0.0,
2026-01-04T10:15,2.2,77,9.4,0.12,321,1.7,1.7,39,6.7,,15.0,325,20.9,1010.2,3,26.2,0.0,10.2,315,14.0,1010.6,3,25.2,0.0,6.1,267,5.8,1010.4,3,25.2,0.0,6.7,216,5.8,1010.6,3,24.2,0.0,11.1,306,,1009.8,51,26.1,0.1,95,24.3,30.0,0.0,0.0,0.0,1010.6,100,61,98,95,21300.0,0.05,10.4,316,398.0,13.0,385.0,14.1,398.0,1306.6,650.0,-2.6,-2.0,0.0,
2026-01-04T10:30,2.2,77,9.45,0.12,317,1.7,1.7,39,6.7,,15.0,318,21.2,1010.2,3,26.1,0.0,10.2,315,14.0,1010.5,3,25.2,0.0,5.8,263,5.4,1010.3,3,25.2,0.0,8.4,211,8.6,1010.7,3,24.2,0.0,11.0,302,,1009.8,51,26.1,0.1,95,24.4,30.1,0.0,0.0,0.0,1010.5,99,61,97,91,22240.0,0.05,10.2,315,423.0,28.0,395.0,29.6,423.0,1336.9,670.0,-2.6,-4.0,0.0,
2026-01-04T10:45,2.2,78,9.45,0.12,312,1.75,1.7,39,6.65,,15.3,313,21.6,1010.2,3,26.1,0.0,9.9,314,14.0,1010.4,3,25.3,0.0,5.6,255,5.0,1010.2,3,25.2,0.0,9.5,209,11.5,1010.8,3,24.1,0.0,10.9,297,,1009.8,51,26.1,0.1,95,24.4,30.2,0.0,0.0,0.0,1010.4,99,60,95,86,23200.0,0.05,10.2,315,464.0,60.0,404.0,62.3,464.0,1362.3,680.0,-2.6,-6.0,17.27,
2026-01-04T11:00,2.22,79,9.5,0.12,308,1.75,1.7,39,6.65,,15.6,308,22.0,1010.2,3,26.1,0.0,9.7,309,14.0,1010.3,3,25.3,0.0,5.4,250,4.7,1010.1,3,25.2,0.0,10.6,208,14.4,1010.8,3,24.1,0.0,11.0,293,,1009.8,51,26.1,0.1,95,24.4,30.3,0.0,0.0,0.0,1010.3,98,59,93,81,24140.0,0.05,10.0,311,527.0,114.0,413.0,116.6,527.0,1382.8,690.0,-2.6,-7.0,424.68,
2026-01-04T11:15,2.22,79,9.55,0.12,304,1.75,1.7,39,6.65,,15.9,303,22.3,1010.2,3,26.0,0.0,9.4,302,14.0,1010.2,3,25.3,0.0,5.5,247,4.7,1010.1,3,25.2,0.0,11.3,211,16.6,1010.8,53,24.0,0.2,10.9,287,,1009.8,51,26.1,0.1,95,24.4,30.6,0.0,0.0,0.0,1010.2,98,61,89,79,24140.0,0.05,9.6,304,597.0,177.0,420.0,179.1,597.0,1398.2,690.0,-2.5,-7.0,893.08,
2026-01-04T11:30,2.22,80,9.6,0.1,300,1.75,1.7,39,6.6,,16.4,299,22.3,1010.2,3,26.0,0.0,9.2,296,13.7,1010.1,3,25.3,0.0,5.8,248,5.0,1010.0,3,25.2,0.0,11.9,215,18.7,1010.8,53,24.0,0.2,11.1,283,,1009.8,51,26.1,0.1,95,24.4,31.0,0.0,0.0,0.0,1010.1,98,62,84,78,24140.0,0.05,9.3,298,654.0,229.0,425.0,230.0,654.0,1408.5,690.0,-2.3,-7.0,900.0,
2026-01-04T11:45,2.24,80,9.6,0.1,295,1.75,1.7,39,6.6,,16.7,295,22.7,1010.2,3,26.0,0.0,9.0,286,13.3,1010.0,3,25.4,0.0,6.0,245,5.8,1010.0,3,25.2,0.0,12.3,218,20.5,1010.8,53,24.0,0.2,11.3,277,,1009.7,51,26.1,0.1,95,24.5,31.2,0.0,0.0,0.0,1010.0,97,64,80,76,24140.0,0.05,9.2,291,681.0,253.0,428.0,253.2,681.0,1413.7,690.0,-2.2,-6.0,900.0,
2026-01-04T12:00,2.24,81,9.65,0.1,291,1.75,1.7,39,6.6,,16.6,292,22.7,1010.2,3,26.0,0.0,9.1,279,13.3,1009.9,3,25.4,0.0,6.4,243,6.1,1010.0,3,25.2,0.0,13.0,219,22.0,1010.8,53,24.0,0.2,11.9,273,,1009.7,51,26.0,0.1,95,24.5,31.2,0.0,0.0,0.0,1009.9,97,65,75,74,24140.0,0.05,9.2,281,680.0,253.0,427.0,253.2,680.0,1413.6,690.0,-2.1,-6.0,900.0,
2026-01-04T12:15,2.24,83,9.7,0.1,289,1.75,1.7,39,6.6,,16.3,288,22.7,1010.2,3,26.0,0.0,9.0,272,13.0,1009.8,3,25.4,0.0,6.8,238,6.5,1010.0,3,25.2,0.0,14.1,220,22.7,1010.8,61,24.0,0.4,12.2,268,,1009.7,51,26.0,0.1,95,24.5,31.2,0.0,0.0,0.0,1009.8,98,64,81,81,24140.0,0.05,9.4,274,664.0,240.0,424.0,241.1,664.0,1408.4,690.0,-2.1,-6.0,900.0,
2026-01-04T12:30,2.26,85,9.7,0.1,286,1.75,1.7,39,6.55,,16.0,284,22.7,1010.1,3,26.0,0.0,9.4,266,13.0,1009.8,3,25.4,0.0,7.2,233,6.8,1009.9,3,25.3,0.0,14.8,219,22.7,1010.8,61,24.0,0.4,12.6,265,,1009.7,51,26.0,0.1,95,24.5,31.0,0.0,0.0,0.0,1009.8,99,64,88,87,24140.0,0.05,9.4,268,644.0,223.0,421.0,225.6,644.0,1398.1,700.0,-2.2,-7.0,900.0,
2026-01-04T12:45,2.26,87,9.75,0.1,284,1.75,1.7,39,6.5,,15.7,281,22.7,1010.1,3,26.0,0.0,9.2,259,12.6,1009.7,3,25.5,0.0,7.7,229,7.2,1009.9,3,25.3,0.0,15.9,218,22.7,1010.8,61,24.0,0.4,13.1,261,,1009.6,51,26.0,0.1,94,24.4,30.9,0.0,0.0,0.0,1009.7,99,63,94,94,24140.0,0.05,9.5,259,629.0,209.0,420.0,213.8,629.0,1382.6,710.0,-2.2,-8.0,900.0,
2026-01-04T13:00,2.26,89,9.75,0.08,281,1.75,1.68,39,6.4,,15.2,277,22.7,1010.0,3,26.0,0.0,9.6,250,13.0,1009.7,3,25.5,0.0,8.4,227,7.6,1009.9,3,25.3,0.0,16.2,217,22.3,1010.8,61,24.0,0.4,13.6,258,,1009.6,51,26.0,0.1,94,24.5,30.9,0.0,0.0,0.0,1009.7,100,62,100,100,24140.0,0.05,9.9,251,618.0,193.0,425.0,200.4,618.0,1362.1,720.0,-2.2,-8.0,900.0,
2026-01-04T13:15,2.26,91,9.8,0.08,279,1.75,1.68,39,6.35,,14.4,273,22.3,1010.0,3,26.0,0.0,9.8,242,13.7,1009.6,3,25.5,0.0,9.4,227,8.3,1009.9,51,25.3,0.1,15.5,216,21.6,1010.8,61,24.0,0.5,14.1,255,,1009.6,51,26.0,0.1,94,24.5,30.8,0.0,0.0,0.0,1009.6,100,63,100,100,24140.0,0.05,10.3,241,603.0,175.0,428.0,185.2,603.0,1336.7,740.0,-2.1,-7.0,900.0,
2026-01-04T13:30,2.28,92,9.85,0.08,277,1.75,1.68,39,6.3,,14.1,267,22.3,1009.9,3,26.0,0.0,10.5,232,14.8,1009.6,3,25.6,0.0,10.4,226,9.0,1009.9,51,25.2,0.1,14.6,213,20.5,1010.7,61,24.0,0.5,14.7,253,,1009.6,51,25.9,0.1,94,24.6,30.7,0.0,0.0,0.0,1009.6,100,64,100,100,24140.0,0.05,11.3,233,580.0,157.0,423.0,170.0,580.0,1306.4,760.0,-1.9,-6.0,825.07,
2026-01-04T13:45,2.28,94,9.85,0.08,274,1.75,1.68,39,6.25,,13.4,262,22.3,1009.9,3,26.0,0.0,11.5,224,15.8,1009.5,3,25.6,0.0,11.5,229,10.1,1009.9,51,25.2,0.1,13.2,209,19.1,1010.6,61,23.9,0.5,15.3,251,,1009.6,51,25.9,0.1,93,24.4,30.3,0.0,0.0,0.0,1009.5,100,64,100,100,24140.0,0.06,12.2,223,544.0,138.0,406.0,153.6,544.0,1271.3,780.0,-1.7,-5.0,701.63,
2026-01-04T14:00,2.28,96,9.9,0.08,272,1.75,1.68,39,6.25,,13.3,257,22.0,1009.8,3,25.9,0.0,12.6,217,17.3,1009.5,3,25.6,0.0,12.5,231,11.2,1009.9,51,25.1,0.1,12.7,209,18.7,1010.6,61,23.9,0.5,15.5,248,,1009.6,51,25.9,0.1,93,24.4,30.2,0.0,0.0,0.0,1009.5,100,65,100,100,24140.0,0.06,13.4,216,499.0,119.0,380.0,136.7,499.0,1231.8,770.0,-1.5,-4.0,574.99,
2026-01-04T14:15,2.28,98,9.95,0.08,269,1.7,1.68,39,6.25,,12.9,252,22.0,1009.8,3,25.9,0.0,13.7,210,18.7,1009.5,80,25.6,0.1,14.0,235,12.6,1009.9,80,25.0,0.5,13.4,211,19.1,1010.7,61,23.6,0.4,15.8,246,,1009.6,51,25.8,0.1,93,24.4,30.0,0.0,0.0,0.0,1009.5,100,63,100,100,22420.0,0.06,14.5,210,446.0,99.0,347.0,117.9,446.0,1187.8,730.0,-1.4,-3.0,434.31,
2026-01-04T14:30,2.3,100,10.0,0.06,267,1.7,1.66,39,6.3,,12.6,246,22.0,1009.7,3,25.9,0.0,14.8,206,20.5,1009.5,80,25.7,0.1,15.5,239,14.0,1009.9,80,25.0,0.5,14.3,214,20.2,1010.8,61,23.4,0.4,16.4,244,,1009.7,51,25.8,0.1,93,24.5,29.9,0.0,0.0,0.0,1009.5,100,60,100,100,20700.0,0.07,15.8,204,389.0,80.0,309.0,99.3,389.0,1139.6,680.0,-1.4,-2.0,294.81,
2026-01-04T14:45,2.3,102,10.0,0.06,264,1.65,1.66,39,6.4,,12.7,241,21.6,1009.7,3,25.9,0.0,16.2,201,22.3,1009.5,80,25.6,0.1,16.9,243,15.1,1009.9,80,24.8,0.5,15.7,217,21.2,1010.9,61,23.2,0.4,16.3,242,,1009.7,51,25.7,0.1,92,24.3,29.5,0.0,0.0,0.0,1009.5,100,58,100,100,18960.0,0.07,17.2,200,328.0,60.0,268.0,78.1,328.0,1087.4,610.0,-1.4,-1.0,135.43,
2026-01-04T15:00,2.3,104,10.05,0.06,262,1.6,1.66,39,6.55,,12.8,238,21.6,1009.7,3,25.9,0.0,17.0,197,23.4,1009.6,80,25.6,0.1,18.0,244,16.2,1009.9,80,24.7,0.5,16.5,216,21.6,1011.0,61,23.0,0.4,16.4,241,,1009.8,51,25.6,0.1,92,24.3,29.4,0.0,0.0,0.0,1009.6,100,55,100,100,17240.0,0.07,18.3,196,257.0,39.0,218.0,53.5,257.0,1031.4,560.0,-1.4,0.0,0.0,
2026-01-04T15:15,2.3,107,10.1,0.06,260,1.55,1.66,52,6.75,,12.9,234,21.6,1009.7,3,25.8,0.0,17.6,195,24.1,1009.7,80,25.6,0.2,18.5,241,16.6,1009.9,53,24.6,0.2,16.4,213,21.2,1011.0,51,23.0,0.1,16.3,239,,1009.9,51,25.6,0.1,92,24.2,29.3,0.0,0.0,0.0,1009.7,100,57,100,100,17240.0,0.07,19.3,194,188.0,20.0,168.0,29.1,188.0,971.9,520.0,-1.4,0.0,0.0,
2026-01-04T15:30,2.3,111,10.1,0.04,257,1.45,1.66,65,7.05,,13.3,232,21.6,1009.7,3,25.8,0.0,17.8,194,24.5,1009.9,80,25.5,0.2,18.5,237,16.9,1009.9,53,24.5,0.2,16.1,209,20.2,1010.9,51,23.1,0.1,16.2,238,,1010.0,51,25.5,0.1,91,24.0,29.0,0.0,0.0,0.0,1009.9,100,60,100,100,17240.0,0.07,19.6,193,135.0,6.0,129.0,9.3,135.0,909.1,500.0,-1.5,1.0,0.0,
2026-01-04T15:45,2.3,114,10.15,0.04,255,1.35,1.68,78,7.4,,13.5,228,21.6,1009.8,3,25.7,0.0,18.0,192,24.5,1010.0,80,25.5,0.2,18.4,231,16.6,1009.9,53,24.4,0.2,15.6,203,19.4,1010.8,51,23.2,0.1,15.9,237,,1010.1,51,25.5,0.1,91,23.9,28.8,0.0,0.0,0.0,1010.0,100,62,100,100,17240.0,0.07,19.8,192,108.0,2.0,106.0,3.4,108.0,843.2,470.0,-1.5,1.0,0.0,
2026-01-04T16:00,2.3,118,10.2,0.04,253,1.25,1.68,91,7.75,,14.0,226,21.6,1009.8,3,25.6,0.0,18.3,190,24.5,1010.2,80,25.4,0.2,17.8,225,16.2,1009.9,53,24.4,0.2,15.8,197,19.4,1010.8,51,23.3,0.1,15.8,235,,1010.2,51,25.4,0.1,91,23.8,28.7,0.0,0.0,0.0,1010.2,100,64,100,100,17240.0,0.07,20.1,190,97.0,2.0,95.0,3.7,97.0,774.7,450.0,-1.6,0.0,0.0,
2026-01-04T16:15,2.3,121,10.25,0.04,251,1.15,1.68,104,8.2,,14.3,223,21.6,1009.8,3,25.5,0.0,18.5,188,24.5,1010.4,61,25.4,0.1,16.7,217,15.5,1010.0,53,24.3,0.2,16.9,191,20.9,1010.8,3,23.4,0.0,15.2,234,,1010.4,51,25.4,0.1,91,23.8,28.6,0.1,0.0,0.0,1010.4,100,63,100,100,16920.0,0.07,20.4,188,90.0,1.0,89.0,2.0,90.0,703.7,430.0,-1.7,-1.0,0.0,
2026-01-04T16:30,2.3,125,10.25,0.04,249,1.05,1.68,117,8.6,,14.5,222,21.6,1009.9,3,25.5,0.0,18.8,185,24.8,1010.5,61,25.3,0.1,15.0,207,14.4,1010.2,53,24.2,0.2,18.4,184,23.4,1010.8,3,23.5,0.0,15.1,232,,1010.5,51,25.2,0.1,91,23.7,28.5,0.1,0.0,0.0,1010.5,100,62,100,100,16580.0,0.07,20.6,185,83.0,1.0,82.0,2.2,83.0,630.5,420.0,-1.7,-3.0,0.0,
2026-01-04T16:45,2.3,128,10.3,0.02,246,0.95,1.68,131,9.05,,14.6,220,21.2,1010.0,3,25.4,0.0,18.7,182,24.8,1010.7,61,25.2,0.1,14.1,195,13.3,1010.3,53,24.2,0.2,20.5,180,25.9,1010.9,3,23.6,0.0,14.6,230,,1010.7,51,25.1,0.1,91,23.7,28.4,0.1,0.0,0.0,1010.7,100,60,100,100,16260.0,0.08,20.5,183,73.0,1.0,72.0,2.5,73.0,555.5,400.0,-1.8,-5.0,0.0,
2026-01-04T17:00,2.3,132,10.35,0.02,244,0.8,1.68,144,9.45,,14.6,218,21.2,1010.0,3,25.4,0.0,18.7,180,24.8,1010.8,61,25.2,0.1,14.1,184,12.6,1010.4,53,24.2,0.2,22.0,176,27.7,1010.9,3,23.8,0.0,14.0,228,,1010.9,51,25.1,0.1,91,23.6,28.3,0.1,0.0,0.0,1010.8,100,59,100,100,15920.0,0.08,20.2,180,62.0,1.0,61.0,3.0,62.0,479.1,380.0,-1.8,-6.0,0.0,
2026-01-04T17:15,2.3,135,10.4,0.02,242,0.7,1.7,157,9.85,,14.9,217,21.2,1010.1,3,25.3,0.0,18.0,178,24.8,1011.0,61,25.1,0.2,14.8,180,12.6,1010.4,51,24.3,0.1,23.2,174,28.8,1011.0,3,23.9,0.0,13.5,226,,1011.1,51,25.0,0.1,91,23.6,28.4,0.2,0.0,0.0,1011.0,100,57,100,100,17980.0,0.08,19.5,178,51.0,1.0,50.0,3.5,51.0,401.4,350.0,-1.8,-7.0,0.0,
2026-01-04T17:30,2.3,139,10.4,0.02,240,0.6,1.7,170,10.2,,15.0,215,21.2,1010.2,3,25.2,0.0,17.0,175,25.2,1011.1,61,25.1,0.2,15.8,180,13.0,1010.3,51,24.4,0.1,24.3,173,29.5,1011.0,3,24.0,0.0,13.0,222,,1011.2,51,24.9,0.1,90,23.4,28.4,0.2,0.0,0.0,1011.1,100,55,100,100,20040.0,0.09,18.4,174,39.0,1.0,38.0,4.4,39.0,322.9,320.0,-1.8,-7.0,0.0,
2026-01-04T17:45,2.3,142,10.45,0.0,237,0.5,1.7,183,10.5,,14.8,214,21.2,1010.3,3,25.2,0.0,16.0,172,25.2,1011.2,61,25.1,0.2,16.2,179,13.7,1010.3,51,24.4,0.1,24.7,172,30.2,1011.1,3,24.0,0.0,12.3,220,,1011.4,51,24.8,0.1,89,23.2,28.4,0.2,0.0,0.0,1011.2,100,53,100,100,22080.0,0.09,17.1,172,26.0,1.0,25.0,5.8,26.0,243.9,280.0,-1.8,-7.0,0.0,
2026-01-04T18:00,2.3,146,10.5,0.0,235,0.45,1.7,196,10.7,,14.4,212,20.9,1010.4,3,25.1,0.0,15.4,169,24.8,1011.4,61,25.1,0.2,16.3,174,14.4,1010.3,51,24.5,0.1,25.1,172,30.6,1011.2,3,24.1,0.0,11.8,218,,1011.6,51,24.7,0.1,89,23.2,28.4,0.2,0.0,0.0,1011.4,100,51,100,100,24140.0,0.09,16.5,169,13.0,0.0,13.0,0.0,13.0,164.7,260.0,-1.8,-8.0,0.0,
2026-01-04T18:15,2.3,148,10.55,0.0,238,0.4,1.72,196,10.85,,14.0,209,20.5,1010.5,51,25.1,0.1,15.2,166,24.1,1011.6,61,25.0,0.3,15.6,161,15.1,1010.5,53,24.4,0.2,25.1,173,31.0,1011.3,3,24.1,0.0,11.4,215,,1011.8,51,24.6,0.1,89,23.1,28.4,0.3,0.0,0.0,1011.6,100,52,100,100,23540.0,0.09,16.3,166,4.0,0.0,4.0,0.0,4.0,85.7,260.0,-1.9,-10.0,0.0,
2026-01-04T18:30,2.3,151,10.6,0.0,240,0.35,1.72,196,10.95,,13.4,207,20.5,1010.7,51,25.1,0.1,15.3,165,22.7,1011.7,61,25.0,0.3,16.2,143,16.2,1010.7,53,24.4,0.2,24.3,173,31.0,1011.5,3,24.2,0.0,10.8,210,,1012.0,51,24.5,0.1,90,23.3,28.5,0.3,0.0,0.0,1011.7,100,53,100,100,22940.0,0.09,16.1,164,0.0,0.0,0.0,0.0,0.0,12.8,260.0,-1.9,-12.0,0.0,
2026-01-04T18:45,2.3,153,10.6,0.0,243,0.3,1.74,197,11.0,,12.2,204,20.2,1010.8,51,25.1,0.1,15.5,162,21.6,1011.9,61,25.0,0.3,17.7,128,16.9,1011.0,53,24.2,0.2,23.5,175,31.0,1011.6,3,24.2,0.0,10.5,207,,1012.1,51,24.5,0.1,90,23.2,28.4,0.3,0.0,0.0,1011.9,100,53,100,100,22320.0,0.09,16.3,162,0.0,0.0,0.0,0.0,0.0,0.0,270.0,-2.0,-14.0,0.0,
2026-01-04T19:00,2.3,156,10.65,0.0,245,0.25,1.76,197,11.05,,11.5,200,19.8,1011.0,51,25.1,0.1,15.6,161,20.9,1012.0,61,25.0,0.3,18.8,119,16.9,1011.2,53,24.2,0.2,22.8,175,30.6,1011.8,3,24.2,0.0,9.8,204,,1012.3,51,24.4,0.1,90,23.2,28.4,0.3,0.0,0.0,1012.0,100,54,100,100,21720.0,0.09,16.4,161,0.0,0.0,0.0,0.0,0.0,0.0,260.0,-2.1,-14.0,0.0,
2026-01-04T19:15,2.3,158,10.7,0.0,248,0.2,1.76,197,11.05,,10.5,196,19.4,1011.2,51,25.1,0.1,15.8,159,20.9,1012.1,61,25.0,0.2,18.2,117,15.8,1011.4,51,24.2,0.1,22.0,176,30.2,1012.0,3,24.2,0.0,9.6,200,,1012.5,51,24.3,0.1,89,23.1,28.3,0.2,0.0,0.0,1012.1,100,51,100,100,19280.0,0.09,17.0,159,0.0,0.0,0.0,0.0,0.0,0.0,230.0,-2.1,-12.0,0.0,
2026-01-04T19:30,2.32,160,10.75,0.0,250,0.15,1.78,197,11.05,,9.5,191,19.1,1011.4,51,25.2,0.1,16.3,158,21.6,1012.1,61,25.1,0.2,16.3,118,14.0,1011.7,51,24.2,0.1,21.3,176,29.5,1012.1,3,24.2,0.0,9.0,196,,1012.6,51,24.2,0.1,88,23.0,28.2,0.2,0.0,0.0,1012.1,100,47,100,100,16860.0,0.09,17.6,157,0.0,0.0,0.0,0.0,0.0,0.0,180.0,-2.2,-7.0,0.0,
2026-01-04T19:45,2.32,163,10.8,0.0,253,0.1,1.8,197,11.0,,8.3,185,18.7,1011.6,51,25.2,0.1,16.6,156,22.3,1012.2,61,25.2,0.2,14.4,122,12.2,1011.9,51,24.3,0.1,20.2,175,28.4,1012.3,3,24.2,0.0,8.8,192,,1012.8,51,24.1,0.1,86,22.7,28.1,0.2,0.0,0.0,1012.2,100,44,100,100,14420.0,0.09,18.1,157,0.0,0.0,0.0,0.0,0.0,0.0,130.0,-2.2,-3.0,0.0,
2026-01-04T20:00,2.32,165,10.8,0.0,255,0.1,1.8,197,10.95,,7.6,177,18.4,1011.8,51,25.2,0.1,16.9,156,22.7,1012.4,61,25.1,0.2,12.7,125,10.8,1012.1,51,24.3,0.1,19.6,174,27.7,1012.5,3,24.2,0.0,8.4,190,,1012.9,51,24.0,0.1,85,22.4,27.9,0.2,0.0,0.0,1012.4,100,40,100,100,11980.0,0.1,18.5,156,0.0,0.0,0.0,0.0,0.0,0.0,90.0,-2.2,0.0,0.0,
2026-01-04T20:15,2.32,168,10.85,0.0,258,0.05,1.82,198,10.9,,7.0,168,18.0,1011.9,51,25.2,0.1,17.4,158,23.0,1012.7,61,25.0,0.1,12.1,127,10.4,1012.3,53,24.3,0.2,18.6,170,26.6,1012.7,3,24.2,0.0,8.0,185,,1013.0,51,24.0,0.1,84,22.1,27.4,0.1,0.0,0.0,1012.7,100,42,100,100,12200.0,0.11,19.1,158,0.0,0.0,0.0,0.0,0.0,0.0,60.0,-2.1,1.0,0.0,
2026-01-04T20:30,2.32,170,10.9,0.0,260,0.05,1.84,198,10.85,,6.5,161,17.3,1012.1,51,25.2,0.1,17.9,161,23.4,1013.2,61,24.8,0.1,12.1,127,10.1,1012.4,53,24.2,0.2,18.3,164,25.6,1013.0,3,24.2,0.0,7.9,183,,1013.1,51,24.0,0.1,84,21.9,27.0,0.1,0.0,0.0,1013.2,100,44,100,100,12420.0,0.13,19.1,160,0.0,0.0,0.0,0.0,0.0,0.0,40.0,-2.0,1.0,0.0,
2026-01-04T20:45,2.32,173,10.9,0.0,263,0.0,1.84,198,10.8,,6.1,152,16.9,1012.2,51,25.2,0.1,18.3,164,23.4,1013.6,61,24.5,0.1,12.1,127,10.4,1012.5,53,24.2,0.2,17.9,158,24.5,1013.2,3,24.1,0.0,7.6,180,,1013.2,51,23.9,0.1,83,21.4,26.4,0.1,0.0,0.0,1013.6,100,45,100,100,12620.0,0.15,19.6,163,0.0,0.0,0.0,0.0,0.0,0.0,20.0,-1.9,0.0,0.0,
2026-01-04T21:00,2.32,175,10.95,0.0,265,0.0,1.86,198,10.8,,6.2,144,16.6,1012.3,51,25.2,0.1,18.6,165,23.8,1013.9,61,24.3,0.1,12.1,127,10.4,1012.6,53,24.2,0.2,17.4,153,23.8,1013.4,3,24.1,0.0,7.2,177,,1013.2,51,23.9,0.1,83,21.2,26.1,0.1,0.0,0.0,1013.9,100,47,100,100,12840.0,0.16,19.7,165,0.0,0.0,0.0,0.0,0.0,0.0,10.0,-1.9,0.0,0.0,
2026-01-04T21:15,2.34,176,10.95,0.0,266,0.0,1.88,198,10.8,,6.1,140,16.2,1012.4,55,25.2,0.3,18.5,167,24.1,1014.0,61,24.2,0.2,12.2,124,10.8,1012.7,61,24.1,0.5,16.6,150,23.4,1013.6,51,24.1,0.1,6.9,174,,1013.2,53,23.8,0.2,83,21.1,25.9,0.2,0.0,0.0,1014.0,100,49,100,100,11640.0,0.16,19.6,166,0.0,0.0,0.0,0.0,0.0,0.0,0.0,-1.9,0.0,0.0,
2026-01-04T21:30,2.34,177,11.0,0.0,267,0.0,1.9,199,10.75,,6.1,135,15.5,1012.4,55,25.2,0.3,18.2,166,24.5,1014.1,61,24.1,0.2,12.9,120,11.2,1012.9,61,24.1,0.5,16.0,149,23.0,1013.8,51,24.0,0.1,6.5,174,,1013.2,53,23.8,0.2,83,21.1,25.9,0.2,0.0,0.0,1014.1,100,51,100,100,10440.0,0.15,19.3,166,0.0,0.0,0.0,0.0,0.0,0.0,0.0,-2.0,0.0,0.0,
2026-01-04T21:45,2.36,178,11.0,0.0,268,0.0,1.92,199,10.75,,5.6,130,14.8,1012.5,55,25.2,0.3,17.8,166,24.8,1014.1,61,24.1,0.2,13.2,116,11.2,1013.0,61,24.0,0.5,15.2,149,23.0,1014.0,51,24.0,0.1,6.2,173,,1013.2,53,23.8,0.2,84,21.3,26.1,0.2,0.0,0.0,1014.1,100,53,100,100,9240.0,0.15,18.9,166,0.0,0.0,0.0,0.0,0.0,0.0,10.0,-2.1,0.0,0.0,
2026-01-04T22:00,2.36,180,11.05,0.0,269,0.0,1.94,199,10.75,,5.7,125,14.0,1012.5,55,25.1,0.3,17.4,167,24.8,1014.1,61,24.1,0.2,13.4,114,11.2,1013.1,61,24.0,0.5,14.4,148,22.7,1014.1,51,23.9,0.1,5.4,172,,1013.2,53,23.8,0.2,84,21.2,26.1,0.2,0.0,0.0,1014.1,100,55,100,100,8040.0,0.14,18.5,167,0.0,0.0,0.0,0.0,0.0,0.0,10.0,-2.1,0.0,0.0,
2026-01-04T22:15,2.38,181,11.05,0.0,270,0.0,1.96,199,10.7,,5.5,122,13.3,1012.5,55,25.1,0.3,16.9,168,24.8,1014.1,61,24.0,0.1,13.2,112,10.1,1013.1,61,24.0,0.4,14.2,150,22.0,1014.1,55,23.8,0.3,4.7,171,,1013.1,53,23.7,0.2,84,21.2,26.1,0.1,0.0,0.0,1014.1,100,57,100,100,9400.0,0.14,18.1,167,0.0,0.0,0.0,0.0,0.0,0.0,10.0,-2.0,0.0,0.0,
2026-01-04T22:30,2.38,182,11.05,0.0,271,0.0,1.98,200,10.7,,5.3,118,12.6,1012.5,55,25.1,0.3,16.5,169,24.5,1014.2,61,24.0,0.1,12.9,113,8.6,1013.0,61,24.0,0.4,13.7,153,20.9,1014.1,55,23.7,0.3,4.3,175,,1013.1,53,23.7,0.2,85,21.4,26.2,0.1,0.0,0.0,1014.2,100,58,100,100,10760.0,0.14,17.7,168,0.0,0.0,0.0,0.0,0.0,0.0,10.0,-2.0,0.0,0.0,
2026-01-04T22:45,2.4,183,11.05,0.0,271,0.0,1.98,200,10.65,,5.0,120,11.9,1012.5,55,25.0,0.3,16.1,170,23.8,1014.2,61,24.0,0.1,12.1,113,7.6,1012.9,61,24.0,0.4,13.7,157,20.2,1014.0,55,23.6,0.3,3.6,174,,1013.0,53,23.7,0.2,85,21.3,26.2,0.1,0.0,0.0,1014.2,100,60,100,100,12100.0,0.14,16.9,169,0.0,0.0,0.0,0.0,0.0,0.0,20.0,-1.8,0.0,0.0,
2026-01-04T23:00,2.42,184,11.05,0.0,272,0.0,2.0,200,10.65,,4.8,117,11.2,1012.5,55,25.0,0.3,15.7,171,23.4,1014.1,61,24.0,0.1,11.2,111,7.2,1012.8,61,24.0,0.4,13.6,158,19.4,1013.9,55,23.5,0.3,2.9,180,,1012.9,53,23.6,0.2,85,21.3,26.3,0.1,0.0,0.0,1014.1,100,61,100,100,13460.0,0.14,16.5,170,0.0,0.0,0.0,0.0,0.0,0.0,20.0,-1.7,0.0,0.0,
2026-01-04T23:15,2.42,186,11.1,0.0,273,0.0,2.02,200,10.6,,4.3,114,10.8,1012.5,55,25.0,0.3,15.3,171,22.7,1013.9,3,24.0,0.0,10.1,107,8.3,1012.7,81,23.9,0.8,13.6,158,19.4,1013.8,61,23.5,0.5,2.2,180,,1012.8,53,23.6,0.2,85,21.3,26.3,0.0,0.0,0.0,1013.9,100,63,100,100,10900.0,0.14,16.0,171,0.0,0.0,0.0,0.0,0.0,0.0,20.0,-1.5,0.0,0.0,
2026-01-04T23:30,2.44,187,11.1,0.0,274,0.0,2.04,201,10.55,,4.0,117,10.4,1012.5,55,25.0,0.3,14.6,171,22.3,1013.7,3,24.0,0.0,8.8,99,10.4,1012.7,81,23.8,0.8,13.9,159,19.8,1013.6,61,23.4,0.5,1.5,194,,1012.7,53,23.6,0.2,85,21.4,26.5,0.0,0.0,0.0,1013.7,100,65,100,100,8340.0,0.14,15.3,171,0.0,0.0,0.0,0.0,0.0,0.0,20.0,-1.3,0.0,0.0,
2026-01-04T23:45,2.44,188,11.1,0.0,275,0.0,2.06,201,10.55,,3.9,112,10.1,1012.4,55,24.9,0.3,14.2,171,21.6,1013.4,3,24.0,0.0,7.9,90,12.6,1012.6,81,23.6,0.8,13.9,159,20.2,1013.5,61,23.3,0.5,0.8,243,,1012.6,53,23.6,0.2,85,21.4,26.6,0.0,0.0,0.0,1013.4,100,66,100,100,5780.0,0.13,14.9,172,0.0,0.0,0.0,0.0,0.0,0.0,30.0,-1.1,0.0,0.0,
2026-01-05T00:00,2.46,189,11.1,0.0,276,0.0,2.08,201,10.5,,3.5,114,10.1,1012.4,55,24.9,0.3,13.8,171,20.9,1013.2,3,24.1,0.0,6.9,81,14.4,1012.5,81,23.5,0.8,13.9,159,20.5,1013.3,61,23.2,0.5,1.1,288,,1012.4,53,23.6,0.2,85,21.4,26.7,0.0,0.0,0.0,1013.2,100,68,100,100,3220.0,0.13,14.6,171,0.0,0.0,0.0,0.0,0.0,0.0,30.0,-1.0,0.0,0.0,
2026-01-05T00:15,2.48,190,11.1,0.0,269,0.1,2.12,201,10.45,,3.2,117,10.1,1012.4,61,24.8,0.5,13.8,171,20.2,1013.1,61,24.1,0.0,6.0,73,15.8,1012.4,81,23.3,1.6,13.4,160,20.9,1013.1,61,23.2,0.5,1.5,315,,1012.3,53,23.6,0.2,85,21.4,26.7,0.0,0.0,0.0,1013.1,100,67,100,100,3280.0,0.13,14.6,171,0.0,0.0,0.0,0.0,0.0,0.0,40.0,-1.0,0.0,0.0,
2026-01-05T00:30,2.5,190,11.1,0.0,263,0.15,2.14,201,10.45,,2.4,117,10.1,1012.3,61,24.8,0.5,13.8,173,19.8,1013.0,61,24.1,0.0,4.8,63,16.9,1012.3,81,23.2,1.6,13.0,161,21.2,1013.0,61,23.1,0.5,2.3,321,,1012.2,53,23.6,0.2,85,21.5,26.8,0.0,0.0,0.0,1013.0,100,67,100,100,3360.0,0.12,14.6,171,0.0,0.0,0.0,0.0,0.0,0.0,50.0,-1.0,0.0,0.0,
2026-01-05T00:45,2.54,191,11.1,0.0,256,0.3,2.18,201,10.4,,1.8,127,10.4,1012.2,61,24.7,0.5,13.8,173,19.1,1012.9,61,24.1,0.0,4.1,52,17.6,1012.2,81,23.0,1.6,12.4,163,21.6,1012.8,61,23.1,0.5,3.1,324,,1012.1,53,23.6,0.2,85,21.5,26.8,0.0,0.0,0.0,1012.9,100,66,100,100,3420.0,0.12,14.6,171,0.0,0.0,0.0,0.0,0.0,0.0,60.0,-1.0,0.0,0.0,
2026-01-05T01:00,2.56,191,11.15,0.0,250,0.4,2.2,201,10.35,,1.0,135,10.8,1012.1,61,24.6,0.5,13.8,174,18.7,1012.8,61,24.1,0.0,3.8,41,18.4,1012.1,81,23.0,1.6,11.9,166,22.3,1012.7,61,23.1,0.5,3.9,326,,1012.0,53,23.6,0.2,85,21.5,26.8,0.0,0.0,0.0,1012.8,100,65,100,100,3480.0,0.12,14.5,173,0.0,0.0,0.0,0.0,0.0,0.0,70.0,-1.0,0.0,0.0,
2026-01-05T01:15,2.58,192,11.15,0.0,243,0.55,2.24,201,10.3,,0.8,207,11.2,1012.1,61,24.5,0.5,13.7,175,18.7,1012.7,61,24.1,0.1,4.1,38,18.7,1012.0,81,22.9,2.0,11.7,169,23.0,1012.6,61,23.0,0.5,4.7,328,,1011.9,53,23.6,0.2,85,21.5,26.8,0.0,0.0,0.0,1012.7,100,66,99,100,3820.0,0.12,14.5,174,0.0,0.0,0.0,0.0,0.0,0.0,70.0,-0.9,0.0,0.0,
2026-01-05T01:30,2.6,192,11.15,0.02,237,0.7,2.28,201,10.3,,1.3,236,11.5,1012.0,61,24.5,0.5,13.7,177,18.7,1012.6,61,24.1,0.1,4.4,35,18.7,1011.9,81,22.9,2.0,11.6,175,24.1,1012.4,61,23.0,0.5,5.0,330,,1011.8,53,23.7,0.2,85,21.4,26.7,0.0,0.0,0.0,1012.6,100,67,98,100,4180.0,0.12,14.4,177,0.0,0.0,0.0,0.0,0.0,0.0,70.0,-0.9,0.0,0.0,
2026-01-05T01:45,2.62,193,11.15,0.02,230,0.85,2.3,201,10.25,,2.3,252,11.9,1011.9,61,24.4,0.5,13.7,180,19.1,1012.5,61,24.0,0.1,4.6,39,18.4,1011.8,81,22.8,2.0,11.9,178,24.8,1012.3,61,23.0,0.5,5.8,330,,1011.7,53,23.7,0.2,86,21.6,26.7,0.0,0.0,0.0,1012.5,100,67,96,100,4520.0,0.12,14.4,180,0.0,0.0,0.0,0.0,0.0,0.0,60.0,-0.8,0.0,0.0,
2026-01-05T02:00,2.64,193,11.15,0.02,223,1.0,2.34,201,10.2,,2.6,254,12.6,1011.8,61,24.4,0.5,13.7,182,19.1,1012.4,61,24.0,0.1,4.6,39,17.6,1011.7,81,22.8,2.0,12.2,182,25.6,1012.2,61,23.0,0.5,6.1,332,,1011.7,53,23.7,0.2,86,21.5,26.7,0.0,0.0,0.0,1012.4,100,68,95,100,4860.0,0.12,14.4,181,0.0,0.0,0.0,0.0,0.0,0.0,60.0,-0.7,0.0,0.0,
2026-01-05T02:15,2.68,194,11.15,0.02,217,1.15,2.36,201,10.15,,3.4,252,13.7,1011.7,61,24.3,0.5,13.7,183,19.1,1012.3,61,24.0,0.2,3.6,37,16.6,1011.6,81,22.7,2.7,13.0,183,25.6,1012.1,61,23.0,0.5,6.9,332,,1011.6,53,23.7,0.2,86,21.5,26.6,0.1,0.0,0.0,1012.3,100,66,96,100,5360.0,0.12,14.4,183,0.0,0.0,0.0,0.0,0.0,0.0,60.0,-0.6,0.0,0.0,
2026-01-05T02:30,2.7,194,11.15,0.02,210,1.3,2.4,201,10.1,,3.7,241,14.8,1011.7,61,24.2,0.5,13.7,185,19.1,1012.3,61,23.9,0.2,2.6,34,15.5,1011.5,81,22.6,2.7,14.1,184,25.6,1012.0,61,23.0,0.5,7.2,333,,1011.6,53,23.7,0.2,87,21.6,26.6,0.1,0.0,0.0,1012.3,100,65,96,100,5880.0,0.12,14.1,184,0.0,0.0,0.0,0.0,0.0,0.0,60.0,-0.5,0.0,0.0,
2026-01-05T02:45,2.72,195,11.1,0.02,204,1.45,2.42,201,10.1,,4.1,232,15.8,1011.6,61,24.2,0.5,13.4,186,18.7,1012.3,61,23.9,0.2,1.1,18,14.0,1011.4,81,22.5,2.7,15.2,185,25.2,1012.0,61,23.0,0.5,7.2,333,,1011.6,53,23.7,0.2,88,21.8,26.8,0.1,0.0,0.0,1012.3,100,63,97,100,6380.0,0.11,14.1,186,0.0,0.0,0.0,0.0,0.0,0.0,60.0,-0.5,0.0,0.0,
2026-01-05T03:00,2.74,195,11.1,0.02,197,1.6,2.46,201,10.05,,4.6,219,17.3,1011.6,61,24.2,0.5,13.4,186,18.7,1012.3,61,23.9,0.2,0.0,270,12.6,1011.3,81,22.5,2.7,15.9,185,24.8,1012.0,61,23.0,0.5,7.6,335,,1011.6,53,23.7,0.2,88,21.7,26.7,0.1,0.0,0.0,1012.3,100,61,97,100,6880.0,0.11,13.8,186,0.0,0.0,0.0,0.0,0.0,0.0,60.0,-0.4,0.0,0.0,
2026-01-05T03:15,2.76,195,11.1,0.08,193,1.75,2.48,201,10.0,,5.4,200,19.1,1011.6,61,24.2,0.4,13.0,185,18.4,1012.3,61,23.8,0.3,0.7,180,11.5,1011.3,81,22.4,3.9,15.9,185,24.1,1012.0,61,23.0,0.6,7.6,335,,1011.6,55,23.7,0.3,88,21.7,26.7,0.2,0.0,0.0,1012.3,100,63,98,100,6460.0,0.11,13.4,185,0.0,0.0,0.0,0.0,0.0,0.0,60.0,-0.3,-0.0,0.0,
2026-01-05T03:30,2.78,195,11.05,0.12,189,1.9,2.5,201,10.0,,6.8,183,21.2,1011.6,61,24.2,0.4,12.6,183,18.0,1012.4,61,23.8,0.3,1.5,166,10.1,1011.3,81,22.4,3.9,15.9,185,23.0,1012.1,61,23.0,0.6,7.9,336,,1011.7,55,23.7,0.3,89,21.9,26.8,0.2,0.0,0.0,1012.4,100,66,99,100,6040.0,0.11,13.0,183,0.0,0.0,0.0,0.0,0.0,0.0,70.0,-0.2,-1.0,0.0,
2026-01-05T03:45,2.8,195,11.0,0.18,185,2.0,2.52,201,9.95,,9.5,171,23.4,1011.6,61,24.2,0.4,12.6,180,18.0,1012.4,61,23.8,0.3,2.3,162,9.0,1011.3,81,22.3,3.9,15.2,185,22.0,1012.3,61,23.0,0.6,7.8,338,,1011.8,55,23.7,0.3,89,21.8,26.7,0.2,0.0,0.0,1012.4,100,68,99,100,5620.0,0.11,13.0,180,0.0,0.0,0.0,0.0,0.0,0.0,80.0,-0.1,-1.0,0.0,
2026-01-05T04:00,2.82,195,11.0,0.22,181,2.15,2.54,201,9.9,,12.1,163,26.3,1011.7,61,24.2,0.4,12.6,178,18.0,1012.5,61,23.8,0.3,3.1,159,7.9,1011.4,81,22.3,3.9,14.8,186,20.9,1012.4,61,23.0,0.6,7.8,338,,1011.8,55,23.7,0.3,89,21.8,26.7,0.2,0.0,0.0,1012.5,100,70,100,100,5200.0,0.11,13.0,178,0.0,0.0,0.0,0.0,0.0,0.0,80.0,-0.1,-1.0,0.0,
2026-01-05T04:15,2.84,195,10.95,0.26,177,2.3,2.56,201,9.9,,15.5,158,29.2,1011.7,61,24.2,0.4,13.0,178,18.4,1012.6,61,23.8,0.2,4.2,160,6.8,1011.6,81,22.3,3.0,14.1,186,20.2,1012.6,63,23.0,1.3,7.6,341,,1011.9,55,23.7,0.3,89,21.8,26.7,0.2,0.0,0.0,1012.6,100,69,100,100,5260.0,0.11,13.7,178,0.0,0.0,0.0,0.0,0.0,0.0,80.0,-0.2,-1.0,0.0,
2026-01-05T04:30,2.88,195,10.9,0.32,172,2.45,2.58,201,9.85,,18.8,154,32.0,1011.8,61,24.3,0.4,14.0,179,19.4,1012.7,61,23.8,0.2,5.2,155,6.1,1011.8,81,22.3,3.0,13.4,185,19.4,1012.8,63,22.9,1.3,7.3,340,,1012.1,55,23.7,0.3,89,21.8,26.5,0.2,0.0,0.0,1012.7,100,67,100,100,5320.0,0.11,14.4,179,0.0,0.0,0.0,0.0,0.0,0.0,80.0,-0.3,-1.0,0.0,
2026-01-05T04:45,2.9,194,10.85,0.36,168,2.6,2.6,200,9.8,,22.4,152,34.6,1011.9,61,24.4,0.4,14.8,180,20.2,1012.8,61,23.8,0.2,6.6,158,5.4,1012.1,81,22.4,3.0,13.0,185,19.1,1013.1,63,22.9,1.3,7.2,342,,1012.2,55,23.7,0.3,89,21.8,26.4,0.2,0.0,0.0,1012.8,100,66,100,100,5360.0,0.11,15.5,179,0.0,0.0,0.0,0.0,0.0,0.0,80.0,-0.4,-1.0,0.0,
2026-01-05T05:00,2.92,194,10.8,0.42,164,2.75,2.62,200,9.8,,26.1,150,37.4,1011.9,61,24.4,0.4,15.5,180,20.9,1012.9,61,23.8,0.2,8.2,157,5.4,1012.3,81,22.4,3.0,12.6,183,18.7,1013.3,63,22.9,1.3,6.8,342,,1012.3,55,23.8,0.3,89,21.8,26.3,0.2,0.0,0.0,1012.9,100,64,100,100,5420.0,0.11,16.2,179,0.0,0.0,0.0,0.0,0.0,0.0,80.0,-0.5,-1.0,0.0,
2026-01-05T05:15,2.94,194,10.75,0.48,160,2.9,2.64,200,9.75,,29.4,149,40.3,1012.0,61,24.4,0.4,15.8,180,21.2,1013.1,61,23.8,0.2,10.5,158,6.1,1012.5,81,22.5,1.6,13.0,182,18.7,1013.5,63,22.8,1.3,6.7,344,,1012.4,55,23.8,0.3,89,21.8,26.3,0.2,0.0,0.0,1013.1,100,63,100,100,6140.0,0.11,16.9,179,1.0,0.0,1.0,0.0,1.0,11.8,80.0,-0.6,-2.0,0.0,
2026-01-05T05:30,2.96,194,10.7,0.52,156,3.0,2.66,200,9.7,,32.0,149,42.5,1012.1,61,24.5,0.4,16.2,180,22.0,1013.3,61,23.8,0.2,13.1,159,7.9,1012.8,81,22.8,1.6,13.7,178,18.7,1013.7,63,22.8,1.3,6.3,347,,1012.6,55,23.8,0.3,89,21.9,26.3,0.2,0.0,0.0,1013.3,100,62,100,100,6860.0,0.11,17.3,180,4.0,0.0,4.0,0.0,4.0,83.6,80.0,-0.6,-3.0,0.0,
2026-01-05T05:45,2.98,194,10.65,0.58,152,3.15,2.68,200,9.7,,34.6,149,44.6,1012.2,61,24.5,0.4,16.6,180,22.3,1013.5,61,23.9,0.2,15.7,160,9.7,1013.0,81,23.0,1.6,14.4,176,19.1,1013.9,63,22.8,1.3,5.9,346,,1012.7,55,23.8,0.3,88,21.7,26.2,0.2,0.0,0.0,1013.5,100,61,100,100,7580.0,0.12,17.6,180,8.0,0.0,8.0,0.0,8.0,162.6,80.0,-0.6,-5.0,0.0,
2026-01-05T06:00,3.0,194,10.6,0.62,148,3.25,2.7,200,9.65,,36.5,149,46.4,1012.3,61,24.5,0.4,16.9,179,22.7,1013.7,61,23.9,0.2,17.7,160,10.8,1013.2,81,23.1,1.6,15.2,173,19.8,1014.0,63,22.9,1.3,5.5,349,,1012.9,55,23.8,0.3,88,21.7,26.2,0.2,0.0,0.0,1013.7,100,60,100,100,8300.0,0.12,18.0,179,14.0,0.0,14.0,0.0,14.0,241.8,80.0,-0.6,-5.0,0.0,
2026-01-05T06:15,3.02,194,10.55,0.66,149,3.35,2.68,200,9.6,,37.9,150,47.9,1012.4,61,24.5,0.5,17.3,175,23.0,1013.8,61,23.9,0.3,19.3,159,11.5,1013.3,81,23.1,1.4,16.0,171,20.9,1014.1,63,22.9,0.8,5.4,352,,1013.0,55,23.8,0.3,88,21.7,26.1,0.3,0.0,0.0,1013.8,100,61,100,100,8560.0,0.12,18.4,176,21.0,0.0,21.0,0.0,21.0,320.8,80.0,-0.5,-4.0,0.0,
2026-01-05T06:30,3.02,193,10.5,0.72,149,3.5,2.68,201,9.6,,39.0,151,49.0,1012.5,61,24.5,0.5,17.5,172,23.4,1014.0,61,23.9,0.3,20.2,158,11.9,1013.4,81,23.0,1.4,17.2,169,22.0,1014.2,63,22.9,0.8,5.1,356,,1013.2,55,23.8,0.3,88,21.7,26.1,0.3,0.0,0.0,1014.0,100,61,100,100,8820.0,0.13,18.6,171,30.0,1.0,29.0,3.5,30.0,399.4,80.0,-0.3,-3.0,0.0,
2026-01-05T06:45,3.04,193,10.45,0.76,150,3.6,2.66,201,9.55,,39.6,153,50.0,1012.7,61,24.5,0.5,17.7,167,23.8,1014.1,61,23.9,0.3,20.8,157,11.9,1013.5,81,23.0,1.4,18.1,167,23.4,1014.2,63,23.0,0.8,4.7,360,,1013.3,55,23.8,0.3,88,21.7,26.0,0.3,0.0,0.0,1014.1,100,62,100,100,9080.0,0.13,19.2,167,36.0,1.0,35.0,3.0,36.0,477.1,80.0,-0.2,-1.0,0.0,
2026-01-05T07:00,3.04,193,10.35,0.82,151,3.75,2.66,201,9.5,,40.1,155,51.1,1012.8,61,24.5,0.5,18.0,164,24.1,1014.2,61,23.9,0.3,21.4,155,12.2,1013.6,81,23.0,1.4,19.0,165,24.5,1014.3,63,23.0,0.8,4.3,5,,1013.5,55,23.8,0.3,88,21.7,26.0,0.3,0.0,0.0,1014.2,100,62,100,100,9340.0,0.13,19.1,164,39.0,1.0,38.0,2.6,39.0,553.6,80.0,-0.1,0.0,0.0,
2026-01-05T07:15,3.06,192,10.3,0.86,151,3.85,2.64,201,9.5,,40.7,157,51.8,1013.0,61,24.5,0.5,17.7,160,24.1,1014.3,61,23.8,0.4,21.4,153,12.2,1013.7,81,23.1,0.8,20.0,162,25.6,1014.4,63,23.0,0.7,3.7,11,,1013.6,55,23.8,0.3,88,21.7,26.0,0.4,0.0,0.0,1014.3,100,63,100,100,9340.0,0.13,18.8,160,40.0,2.0,38.0,4.5,40.0,628.6,80.0,-0.1,0.0,0.0,
2026-01-05T07:30,3.08,192,10.25,0.92,152,3.95,2.64,202,9.45,,40.8,159,52.6,1013.1,61,24.6,0.5,17.3,157,24.1,1014.5,61,23.8,0.4,21.3,150,12.2,1013.7,81,23.2,0.8,20.9,159,26.6,1014.5,63,23.1,0.7,3.4,18,,1013.8,55,23.8,0.3,88,21.7,26.0,0.4,0.0,0.0,1014.5,100,64,100,100,9360.0,0.13,18.1,157,41.0,2.0,39.0,4.0,41.0,701.8,80.0,-0.2,0.0,0.0,
2026-01-05T07:45,3.08,192,10.15,0.96,153,4.05,2.62,202,9.45,,41.0,162,52.9,1013.3,61,24.6,0.5,16.6,153,23.8,1014.6,61,23.8,0.4,21.1,147,12.2,1013.8,81,23.4,0.8,21.7,156,27.7,1014.6,63,23.1,0.7,3.2,27,,1013.9,55,23.8,0.3,89,21.8,26.2,0.4,0.0,0.0,1014.6,100,65,100,100,9360.0,0.13,17.4,153,46.0,2.0,44.0,3.7,46.0,772.9,90.0,-0.3,0.0,0.0,
2026-01-05T08:00,3.1,191,10.1,1.0,153,4.15,2.6,202,9.4,,40.9,164,53.3,1013.4,61,24.6,0.5,16.4,151,23.8,1014.7,61,23.7,0.4,21.2,145,13.0,1013.9,81,23.5,0.8,22.7,155,28.8,1014.7,63,23.2,0.7,3.1,36,,1014.0,55,23.8,0.3,89,21.8,26.1,0.4,0.0,0.0,1014.7,100,66,100,100,9360.0,0.13,17.2,151,55.0,2.0,53.0,3.4,55.0,841.5,90.0,-0.4,0.0,0.0,
2026-01-05T08:15,3.1,191,10.05,1.06,154,4.25,2.6,202,9.35,,41.0,165,53.3,1013.6,61,24.6,0.5,16.9,151,23.8,1014.8,61,23.6,0.5,21.5,145,14.4,1014.0,55,23.5,0.3,23.8,155,30.2,1014.9,63,23.2,1.3,3.1,45,,1014.1,55,23.9,0.3,90,21.9,26.1,0.4,0.0,0.0,1014.8,100,69,100,100,8240.0,0.13,17.7,151,67.0,3.0,64.0,4.7,67.0,907.5,90.0,-0.5,0.0,0.0,
2026-01-05T08:30,3.12,191,10.0,1.1,155,4.3,2.58,203,9.35,,41.0,167,53.6,1013.7,61,24.6,0.5,17.2,151,24.1,1014.8,61,23.6,0.5,21.6,147,16.9,1014.2,55,23.6,0.3,25.5,157,31.7,1015.1,63,23.2,1.3,3.1,54,,1014.2,55,23.9,0.3,90,21.9,25.9,0.4,0.0,0.0,1014.8,100,72,100,100,7120.0,0.12,18.4,152,79.0,3.0,76.0,4.4,79.0,970.4,100.0,-0.5,0.0,0.0,
2026-01-05T08:45,3.12,190,9.95,1.16,155,4.35,2.58,203,9.3,,40.8,168,53.6,1013.9,61,24.6,0.5,17.7,153,24.1,1014.8,61,23.5,0.5,22.3,149,19.1,1014.3,55,23.6,0.3,26.7,159,32.8,1015.3,63,23.2,1.3,3.2,63,,1014.2,55,23.9,0.3,91,22.0,25.9,0.4,0.0,0.0,1014.8,100,74,100,100,6000.0,0.12,19.0,153,91.0,3.0,88.0,4.1,91.0,1030.0,100.0,-0.5,0.0,0.0,
2026-01-05T09:00,3.14,190,9.9,1.2,156,4.35,2.56,203,9.25,,40.7,169,53.6,1014.0,61,24.6,0.5,18.5,156,24.8,1014.8,61,23.5,0.5,23.4,149,20.5,1014.5,55,23.7,0.3,27.7,159,34.2,1015.4,63,23.2,1.3,3.4,72,,1014.3,55,23.9,0.3,91,21.9,25.7,0.4,0.0,0.0,1014.8,100,77,100,100,4880.0,0.12,19.8,155,103.0,3.0,100.0,3.9,103.0,1086.1,100.0,-0.5,0.0,0.0,
2026-01-05T09:15,3.14,190,9.85,1.16,156,4.35,2.58,202,9.2,,40.4,169,53.3,1014.1,61,24.6,0.4,19.3,159,25.9,1014.8,61,23.5,0.3,25.5,149,21.2,1014.7,81,23.6,0.7,28.7,160,35.3,1015.5,63,23.1,0.9,3.7,79,,1014.3,63,23.9,0.7,91,21.9,25.6,0.3,0.0,0.0,1014.8,100,75,100,100,5000.0,0.12,20.5,158,115.0,2.0,113.0,2.5,115.0,1138.4,100.0,-0.4,0.0,0.0,
2026-01-05T09:30,3.12,190,9.85,1.1,157,4.25,2.6,202,9.15,,40.0,169,52.9,1014.2,61,24.6,0.4,20.3,163,27.4,1014.8,61,23.5,0.3,28.4,150,21.2,1014.8,81,23.6,0.7,29.5,160,36.4,1015.6,63,23.1,0.9,4.0,85,,1014.4,63,23.9,0.7,90,21.8,25.4,0.3,0.0,0.0,1014.8,100,73,100,100,5100.0,0.13,21.5,162,126.0,2.0,124.0,2.4,126.0,1186.7,100.0,-0.3,0.0,0.0,
2026-01-05T09:45,3.12,190,9.85,1.06,157,4.2,2.62,201,9.1,,39.0,168,52.6,1014.4,61,24.6,0.4,21.5,166,28.4,1014.7,61,23.6,0.3,31.3,150,20.5,1015.0,81,23.5,0.7,30.0,160,37.4,1015.6,63,23.0,0.9,4.7,90,,1014.4,63,23.9,0.7,90,21.9,25.3,0.3,0.0,0.0,1014.7,100,71,100,100,5220.0,0.13,22.6,166,134.0,2.0,132.0,2.3,134.0,1230.8,100.0,-0.1,0.0,0.0,
2026-01-05T10:00,3.1,190,9.8,1.0,158,4.05,2.64,200,9.0,,38.1,167,51.5,1014.5,61,24.5,0.4,22.7,169,29.9,1014.7,61,23.6,0.3,33.4,150,19.4,1015.1,81,23.5,0.7,30.2,158,38.2,1015.6,63,23.0,0.9,5.1,98,,1014.4,63,23.9,0.7,89,21.7,25.1,0.3,0.0,0.0,1014.7,100,69,100,100,5320.0,0.14,23.9,169,140.0,3.0,137.0,3.3,140.0,1270.5,100.0,0.0,0.0,0.0,
2026-01-05T10:15,3.1,190,9.8,0.96,158,3.95,2.66,199,8.95,,37.2,165,50.8,1014.6,61,24.5,0.4,23.7,170,31.0,1014.7,61,23.7,0.2,34.7,149,16.9,1015.2,80,23.5,0.5,30.3,156,38.5,1015.6,55,23.0,0.3,5.5,101,,1014.3,63,23.9,0.7,89,21.8,25.0,0.2,0.0,0.0,1014.7,100,68,100,100,4900.0,0.14,24.9,170,144.0,3.0,141.0,3.3,144.0,1305.6,100.0,0.1,0.0,0.0,
2026-01-05T10:30,3.08,190,9.8,0.92,159,3.8,2.68,199,8.85,,35.9,164,49.7,1014.7,61,24.5,0.4,24.5,170,32.0,1014.8,61,23.7,0.2,35.2,149,13.7,1015.2,80,23.6,0.5,30.1,152,38.9,1015.5,55,23.0,0.3,6.3,103,,1014.3,63,23.9,0.7,88,21.6,24.8,0.2,0.0,0.0,1014.8,100,67,100,100,4480.0,0.15,25.9,170,148.0,4.0,144.0,4.2,148.0,1336.0,100.0,0.2,0.0,0.0,
2026-01-05T10:45,3.08,189,9.8,0.86,159,3.65,2.7,198,8.8,,35.1,163,49.0,1014.8,61,24.5,0.4,25.2,170,32.8,1014.8,61,23.8,0.2,35.7,149,10.4,1015.3,80,23.6,0.5,29.9,149,38.9,1015.4,55,23.0,0.3,6.8,108,,1014.3,63,23.9,0.7,88,21.6,24.8,0.2,0.0,0.0,1014.8,100,65,100,100,4060.0,0.15,27.0,170,151.0,4.0,147.0,4.2,151.0,1361.6,90.0,0.3,0.0,0.0,
2026-01-05T11:00,3.06,189,9.8,0.82,160,3.55,2.72,197,8.75,,33.9,161,47.9,1014.9,61,24.5,0.4,26.1,169,33.8,1014.8,61,23.8,0.2,36.2,149,9.0,1015.3,80,23.7,0.5,29.4,147,38.9,1015.4,55,23.0,0.3,7.6,109,,1014.2,63,23.9,0.7,88,21.6,24.7,0.2,0.0,0.0,1014.8,100,64,100,100,3640.0,0.15,27.9,169,155.0,3.0,152.0,3.1,155.0,1382.2,90.0,0.4,0.0,0.0,
2026-01-05T11:15,3.06,189,9.8,0.76,160,3.45,2.74,196,8.7,,33.2,159,47.2,1015.0,61,24.5,0.4,27.0,167,34.9,1014.8,61,23.8,0.4,36.5,149,9.7,1015.3,55,23.7,0.3,28.5,145,38.5,1015.4,53,23.0,0.2,8.6,112,,1014.2,63,23.9,0.7,88,21.6,24.5,0.4,0.0,0.0,1014.8,100,65,100,100,4860.0,0.15,28.8,167,158.0,2.0,156.0,2.0,158.0,1397.8,80.0,0.5,0.0,0.0,
2026-01-05T11:30,3.04,189,9.8,0.72,161,3.35,2.76,196,8.65,,32.3,158,46.4,1015.0,61,24.5,0.4,27.7,164,36.0,1014.8,61,23.8,0.4,36.8,149,11.9,1015.2,55,23.8,0.3,27.5,146,38.2,1015.5,53,23.0,0.2,9.0,113,,1014.1,63,23.9,0.7,88,21.6,24.4,0.4,0.0,0.0,1014.8,100,67,100,100,6060.0,0.15,29.6,164,161.0,1.0,160.0,1.0,161.0,1408.3,70.0,0.5,0.0,0.0,
2026-01-05T11:45,3.04,189,9.75,0.66,161,3.3,2.78,195,8.65,,31.8,157,45.7,1015.1,61,24.5,0.4,28.6,161,37.1,1014.7,61,23.8,0.4,37.1,150,14.8,1015.1,55,23.7,0.3,26.2,146,37.8,1015.6,53,23.0,0.2,10.0,116,,1014.0,63,23.9,0.7,88,21.6,24.3,0.4,0.0,0.0,1014.7,100,68,100,100,7280.0,0.16,30.5,161,164.0,1.0,163.0,1.0,164.0,1413.6,70.0,0.6,0.0,0.0,
2026-01-05T12:00,3.02,189,9.75,0.62,162,3.3,2.8,194,8.65,,31.4,156,45.4,1015.1,61,24.5,0.4,29.3,159,38.2,1014.7,61,23.8,0.4,37.7,150,18.0,1015.1,55,23.7,0.3,25.4,145,37.1,1015.6,53,23.0,0.2,10.6,118,,1014.0,63,23.9,0.7,88,21.6,24.2,0.4,0.0,0.0,1014.7,100,69,100,100,8480.0,0.16,31.6,159,167.0,1.0,166.0,1.0,167.0,1413.7,60.0,0.6,0.0,0.0,
2026-01-05T12:15,3.0,189,9.75,0.68,163,3.35,2.76,195,8.7,,31.4,156,45.4,1015.1,61,24.5,0.6,29.9,158,39.2,1014.7,61,23.8,0.3,38.7,151,21.6,1015.1,53,23.6,0.2,25.1,145,36.0,1015.6,53,23.0,0.2,11.4,118,,1013.9,63,23.9,0.7,88,21.6,24.1,0.3,0.0,0.0,1014.7,100,67,100,100,9960.0,0.17,32.5,159,170.0,1.0,169.0,1.0,170.0,1408.7,60.0,0.6,-0.0,0.0,
2026-01-05T12:30,3.0,189,9.7,0.76,163,3.4,2.72,195,8.75,,31.3,157,45.4,1015.1,61,24.5,0.6,30.7,158,40.3,1014.7,61,23.8,0.3,39.5,152,26.3,1015.1,53,23.6,0.2,25.1,145,34.6,1015.5,53,23.1,0.2,12.4,120,,1013.9,63,23.9,0.7,88,21.7,24.1,0.3,0.0,0.0,1014.7,100,65,100,100,11440.0,0.18,33.3,158,171.0,2.0,169.0,2.0,171.0,1398.5,60.0,0.6,-1.0,0.0,
2026-01-05T12:45,2.98,189,9.65,0.82,164,3.55,2.66,196,8.8,,31.2,158,45.4,1015.1,61,24.5,0.6,31.4,158,41.4,1014.8,61,23.8,0.3,40.4,153,30.2,1015.1,53,23.5,0.2,25.3,144,33.5,1015.5,53,23.1,0.2,12.9,120,,1013.8,63,23.9,0.7,88,21.7,24.0,0.3,0.0,0.0,1014.8,100,62,100,100,12900.0,0.18,34.1,158,169.0,2.0,167.0,2.0,169.0,1383.1,60.0,0.6,-2.0,0.0,
2026-01-05T13:00,2.96,189,9.65,0.9,164,3.65,2.62,197,8.9,,31.2,159,45.7,1015.0,61,24.5,0.6,31.7,159,42.1,1014.8,61,23.8,0.3,40.9,154,33.8,1015.1,53,23.5,0.2,25.2,143,32.4,1015.4,53,23.2,0.2,13.9,121,,1013.8,63,23.9,0.7,88,21.7,23.9,0.3,0.0,0.0,1014.8,100,60,100,100,14380.0,0.19,34.8,159,164.0,3.0,161.0,3.1,164.0,1362.8,60.0,0.6,-2.0,0.0,
2026-01-05T13:15,2.96,189,9.6,0.96,165,3.8,2.58,197,9.0,,31.8,160,45.7,1015.0,61,24.5,0.6,31.9,160,42.5,1014.8,61,23.8,0.3,41.1,155,36.0,1015.0,51,23.4,0.1,25.1,142,32.0,1015.3,53,23.2,0.2,14.4,122,,1013.7,63,23.9,0.7,88,21.6,23.8,0.2,0.0,0.0,1014.8,100,64,100,100,16180.0,0.19,35.0,160,157.0,3.0,154.0,3.2,157.0,1337.4,60.0,0.7,-2.0,0.0,
2026-01-05T13:30,2.94,189,9.55,1.04,165,4.0,2.54,198,9.1,,31.9,162,46.1,1014.9,61,24.5,0.6,32.1,160,42.8,1014.9,61,23.6,0.3,41.1,155,37.8,1015.0,51,23.3,0.1,24.8,140,32.0,1015.2,53,23.3,0.2,15.2,121,,1013.7,63,23.9,0.7,89,21.7,23.7,0.2,0.0,0.0,1014.9,100,68,100,100,18000.0,0.2,35.2,160,148.0,3.0,145.0,3.2,148.0,1307.2,70.0,0.8,-1.0,0.0,
2026-01-05T13:45,2.92,188,9.55,1.1,166,4.15,2.48,199,9.2,,32.3,163,46.8,1014.8,61,24.5,0.6,32.2,162,43.2,1014.9,61,23.6,0.3,40.6,155,38.9,1014.9,51,23.2,0.1,24.5,139,32.0,1015.0,53,23.4,0.2,15.9,123,,1013.7,63,23.9,0.7,90,21.9,23.7,0.2,0.0,0.0,1014.9,100,72,100,100,19800.0,0.2,35.3,162,138.0,3.0,135.0,3.3,138.0,1272.3,70.0,0.8,-0.0,0.0,
2026-01-05T14:00,2.92,188,9.5,1.16,167,4.3,2.44,199,9.3,,32.9,164,47.2,1014.8,61,24.5,0.6,32.4,163,43.2,1015.0,61,23.5,0.3,40.6,155,40.0,1014.8,51,23.1,0.1,24.5,137,32.0,1014.9,53,23.4,0.2,16.4,123,,1013.6,63,23.9,0.7,90,21.8,23.6,0.2,0.0,0.0,1015.0,100,76,100,100,21600.0,0.2,35.5,162,127.0,2.0,125.0,2.3,127.0,1232.8,70.0,0.9,0.0,0.0,
2026-01-05T14:15,2.9,188,9.45,1.24,167,4.45,2.4,200,9.35,,33.1,166,47.5,1014.7,61,24.5,0.6,32.6,164,43.6,1015.1,61,23.5,0.6,40.7,154,41.0,1014.7,3,23.1,0.0,24.7,136,32.0,1014.8,51,23.5,0.1,17.2,123,,1013.6,63,23.9,0.7,90,21.7,23.5,0.5,0.0,0.0,1015.1,100,79,100,100,21980.0,0.2,35.7,164,114.0,1.0,113.0,1.2,114.0,1188.9,60.0,0.9,0.0,0.0,
2026-01-05T14:30,2.88,188,9.4,1.3,168,4.6,2.36,201,9.45,,33.4,166,47.9,1014.6,61,24.5,0.6,32.7,165,43.6,1015.1,61,23.4,0.6,40.7,153,42.1,1014.6,3,23.2,0.0,24.7,134,31.7,1014.7,51,23.5,0.1,17.7,123,,1013.6,63,23.9,0.7,90,21.6,23.3,0.5,0.0,0.0,1015.1,100,81,100,100,22380.0,0.21,35.8,165,103.0,0.0,103.0,0.0,103.0,1140.8,50.0,0.9,1.0,0.0,
2026-01-05T14:45,2.88,188,9.4,1.38,168,4.7,2.3,201,9.5,,33.7,166,47.9,1014.6,61,24.6,0.6,32.7,166,43.9,1015.2,61,23.3,0.6,40.9,153,42.5,1014.5,3,23.2,0.0,25.0,133,31.7,1014.6,51,23.6,0.1,18.2,124,,1013.7,63,24.0,0.7,90,21.6,23.2,0.5,0.0,0.0,1015.2,100,84,100,100,22760.0,0.21,35.7,165,94.0,0.0,94.0,0.0,94.0,1088.7,30.0,0.9,-0.0,0.0,
2026-01-05T15:00,2.86,188,9.35,1.44,169,4.8,2.26,202,9.55,,34.1,167,48.2,1014.6,61,24.6,0.6,32.3,166,43.9,1015.2,61,23.2,0.6,40.7,152,42.8,1014.5,3,23.2,0.0,25.0,133,31.7,1014.5,51,23.7,0.1,18.7,124,,1013.7,63,24.0,0.7,90,21.5,23.2,0.5,0.0,0.0,1015.2,100,86,100,100,23140.0,0.21,35.4,165,88.0,0.0,88.0,0.0,88.0,1032.8,20.0,0.9,-4.0,0.0,
2026-01-05T15:15,2.86,188,9.3,1.44,168,4.85,2.26,202,9.55,,34.1,166,48.2,1014.6,53,24.6,0.2,31.8,164,43.9,1015.2,63,23.2,0.8,40.3,152,42.5,1014.5,51,23.2,0.1,24.7,134,31.7,1014.5,51,23.8,0.1,19.2,124,,1013.8,51,24.0,0.1,90,21.5,23.3,0.8,0.0,0.0,1015.2,100,81,100,100,21740.0,0.21,34.5,164,83.0,1.0,82.0,1.5,83.0,973.3,20.0,0.9,-14.0,0.0,
2026-01-05T15:30,2.84,188,9.3,1.44,168,4.9,2.24,202,9.55,,34.2,165,48.6,1014.6,53,24.6,0.2,30.7,162,43.6,1015.2,63,23.2,0.8,39.3,153,41.4,1014.6,51,23.2,0.1,24.4,136,31.3,1014.5,51,23.8,0.1,19.7,125,,1013.8,51,24.0,0.1,89,21.3,23.3,0.8,0.0,0.0,1015.2,100,76,100,100,20360.0,0.21,33.6,161,76.0,1.0,75.0,1.6,76.0,910.5,20.0,0.8,-27.0,0.0,
2026-01-05T15:45,2.84,187,9.25,1.44,167,4.9,2.24,202,9.55,,34.4,164,48.6,1014.6,53,24.6,0.2,29.9,158,43.2,1015.1,63,23.3,0.8,38.3,153,40.0,1014.6,51,23.1,0.1,24.2,139,31.3,1014.5,51,23.9,0.1,20.0,124,,1013.9,51,24.0,0.1,89,21.4,23.5,0.8,0.0,0.0,1015.1,100,71,100,100,18960.0,0.21,32.8,157,68.0,1.0,67.0,1.7,68.0,844.7,30.0,0.7,-39.0,0.0,
2026-01-05T16:00,2.82,187,9.25,1.44,167,4.9,2.22,202,9.55,,34.6,163,49.0,1014.6,53,24.7,0.2,29.3,155,42.8,1015.1,63,23.4,0.8,37.4,154,39.2,1014.7,51,23.1,0.1,24.4,143,31.7,1014.5,51,23.9,0.1,20.5,124,,1014.0,51,24.0,0.1,88,21.2,23.6,0.8,0.0,0.0,1015.1,100,66,100,100,17560.0,0.21,32.2,155,59.0,1.0,58.0,1.8,59.0,776.2,30.0,0.7,-45.0,0.0,
2026-01-05T16:15,2.82,187,9.2,1.44,166,4.9,2.22,202,9.55,,34.6,161,49.0,1014.6,53,24.8,0.2,29.1,153,42.1,1015.1,63,23.5,1.0,36.4,154,38.9,1014.8,51,23.2,0.1,25.2,146,32.4,1014.5,53,24.0,0.2,20.7,125,,1014.1,51,24.1,0.1,87,21.2,23.7,1.0,0.0,0.0,1015.1,100,71,100,100,18880.0,0.21,32.0,153,49.0,0.0,49.0,0.0,49.0,705.2,30.0,0.7,-40.0,0.0,
2026-01-05T16:30,2.82,187,9.15,1.46,165,4.9,2.2,202,9.5,,35.0,160,49.0,1014.6,53,24.8,0.2,29.3,151,40.7,1015.0,63,23.6,1.0,35.4,155,38.9,1014.9,51,23.3,0.1,26.2,148,33.1,1014.6,53,24.0,0.2,21.0,125,,1014.3,51,24.1,0.1,86,21.2,23.8,1.0,0.0,0.0,1015.0,100,76,100,100,20200.0,0.21,32.2,151,41.0,0.0,41.0,0.0,41.0,632.0,30.0,0.8,-28.0,0.0,
2026-01-05T16:45,2.8,186,9.15,1.46,165,4.9,2.2,202,9.45,,34.9,158,49.3,1014.6,53,24.8,0.2,29.7,149,39.6,1015.0,63,23.8,1.0,34.6,155,38.9,1015.1,51,23.5,0.1,27.2,151,33.8,1014.7,53,24.0,0.2,21.5,125,,1014.4,51,24.1,0.1,84,20.9,23.8,1.0,0.0,0.0,1015.0,100,80,100,100,21520.0,0.21,32.3,149,35.0,0.0,35.0,0.0,35.0,557.0,30.0,0.8,-14.0,0.0,
2026-01-05T17:00,2.8,186,9.1,1.46,164,4.9,2.18,202,9.4,,35.3,157,49.3,1014.7,53,24.8,0.2,29.5,147,38.9,1015.0,63,24.0,1.0,33.8,155,38.9,1015.2,51,23.5,0.1,28.0,152,34.6,1014.8,53,24.1,0.2,22.0,125,,1014.6,51,24.2,0.1,83,20.9,24.0,1.0,0.0,0.0,1015.0,100,85,100,100,22840.0,0.21,32.1,147,31.0,0.0,31.0,0.0,31.0,480.6,30.0,0.7,-7.0,0.0,
2026-01-05T17:15,2.78,186,9.1,1.46,164,4.85,2.18,202,9.35,,35.3,155,49.3,1014.7,53,24.9,0.2,28.8,146,38.5,1015.1,63,24.1,0.7,33.6,154,38.9,1015.3,3,23.6,0.0,28.3,153,35.3,1014.9,51,24.2,0.1,22.0,125,,1014.7,51,24.2,0.1,82,20.8,24.2,0.7,0.0,0.0,1015.1,100,84,100,100,23160.0,0.21,31.4,146,27.0,0.0,27.0,0.0,27.0,402.9,40.0,0.5,-8.0,0.0,
2026-01-05T17:30,2.78,186,9.05,1.46,163,4.85,2.16,202,9.35,,35.3,154,49.3,1014.8,53,24.9,0.2,28.1,144,38.5,1015.2,63,24.2,0.7,33.5,153,38.5,1015.3,3,23.7,0.0,28.8,152,35.6,1015.0,51,24.4,0.1,22.5,125,,1014.9,51,24.2,0.1,82,20.9,24.4,0.7,0.0,0.0,1015.2,100,83,100,100,23500.0,0.21,30.7,144,22.0,0.0,22.0,0.0,22.0,324.3,50.0,0.1,-14.0,0.0,
2026-01-05T17:45,2.76,185,9.05,1.46,163,4.8,2.16,202,9.3,,35.6,153,49.0,1014.9,53,24.9,0.2,26.9,142,38.9,1015.4,63,24.3,0.7,33.5,152,38.2,1015.4,3,23.8,0.0,28.7,152,36.0,1015.2,51,24.5,0.1,22.8,125,,1015.0,51,24.3,0.1,82,21.0,24.8,0.7,0.0,0.0,1015.4,100,81,100,100,23820.0,0.2,30.0,142,16.0,0.0,16.0,0.0,16.0,245.3,70.0,-0.2,-20.0,0.0,
2026-01-05T18:00,2.76,185,9.0,1.46,162,4.8,2.14,202,9.25,,35.4,152,49.0,1015.0,53,25.0,0.2,26.6,140,38.5,1015.5,63,24.5,0.7,33.4,151,37.8,1015.5,3,23.9,0.0,28.7,152,36.4,1015.3,51,24.6,0.1,23.0,125,,1015.2,51,24.4,0.1,81,21.0,24.9,0.7,0.0,0.0,1015.5,100,80,100,100,24140.0,0.2,29.7,141,9.0,0.0,9.0,0.0,9.0,166.0,80.0,-0.4,-24.0,0.0,
2026-01-05T18:15,2.76,185,9.0,1.44,161,4.8,2.14,202,9.2,,35.3,151,48.6,1015.1,3,25.0,0.0,26.3,140,37.8,1015.6,61,24.6,0.1,32.9,151,37.1,1015.7,3,23.9,0.0,28.5,152,36.4,1015.5,3,24.8,0.0,23.3,125,,1015.4,51,24.4,0.1,80,21.0,25.2,0.1,0.0,0.0,1015.6,100,74,100,100,24140.0,0.2,29.9,140,4.0,0.0,4.0,0.0,4.0,86.9,90.0,-0.4,-24.0,0.0,
2026-01-05T18:30,2.74,185,8.95,1.42,160,4.75,2.14,202,9.15,,35.0,151,48.6,1015.3,3,25.0,0.0,26.8,140,36.7,1015.7,61,24.9,0.1,32.1,151,36.4,1015.9,3,24.0,0.0,28.0,152,36.0,1015.6,3,24.9,0.0,23.3,125,,1015.5,51,24.4,0.1,79,21.0,25.3,0.1,0.0,0.0,1015.7,100,68,100,100,24140.0,0.19,29.9,140,1.0,0.0,1.0,0.0,1.0,13.4,110.0,-0.2,-23.0,0.0,
2026-01-05T18:45,2.74,185,8.95,1.4,159,4.75,2.14,202,9.15,,35.0,151,48.2,1015.6,3,25.0,0.0,26.8,140,36.0,1015.7,61,25.0,0.1,31.4,152,35.3,1016.1,3,24.0,0.0,27.7,154,35.6,1015.8,3,25.0,0.0,23.6,124,,1015.7,51,24.5,0.1,78,20.9,25.5,0.1,0.0,0.0,1015.7,100,61,100,100,24140.0,0.19,30.4,140,0.0,0.0,0.0,0.0,0.0,0.0,120.0,0.0,-21.0,0.0,
2026-01-05T19:00,2.72,184,8.9,1.38,158,4.75,2.14,202,9.1,,34.5,151,47.9,1015.8,3,25.1,0.0,27.3,140,35.6,1015.8,61,25.2,0.1,30.9,152,34.6,1016.2,3,24.0,0.0,27.5,154,35.3,1016.0,3,25.1,0.0,23.8,125,,1015.8,51,24.5,0.1,77,20.9,25.5,0.1,0.0,0.0,1015.8,100,55,100,100,24140.0,0.19,30.9,140,0.0,0.0,0.0,0.0,0.0,0.0,120.0,0.2,-18.0,0.0,
2026-01-05T19:15,2.72,184,8.9,1.36,157,4.7,2.14,202,9.05,,34.2,151,47.5,1016.1,3,25.1,0.0,27.8,139,36.0,1015.9,3,25.4,0.0,30.6,152,34.2,1016.3,3,24.1,0.0,27.7,155,35.3,1016.2,3,25.1,0.0,23.8,125,,1016.0,51,24.5,0.1,76,20.8,25.6,0.0,0.0,0.0,1015.9,100,56,100,100,24140.0,0.19,31.7,140,0.0,0.0,0.0,0.0,0.0,0.0,110.0,0.3,-15.0,0.0,
2026-01-05T19:30,2.72,184,8.85,1.36,156,4.7,2.14,202,9.0,,33.7,151,47.2,1016.3,3,25.1,0.0,28.6,138,37.1,1016.0,3,25.5,0.0,30.3,152,33.5,1016.3,3,24.1,0.0,28.2,157,35.3,1016.3,3,25.1,0.0,24.1,125,,1016.1,51,24.6,0.1,75,20.7,25.5,0.0,0.0,0.0,1016.0,100,56,100,100,24140.0,0.19,32.6,139,0.0,0.0,0.0,0.0,0.0,0.0,90.0,0.4,-11.0,0.0,
2026-01-05T19:45,2.7,184,8.85,1.34,155,4.65,2.14,201,8.95,,32.9,151,46.8,1016.6,3,25.2,0.0,29.3,136,38.2,1016.1,3,25.5,0.0,30.0,151,33.5,1016.4,3,24.1,0.0,28.7,158,35.3,1016.5,3,25.1,0.0,24.1,125,,1016.2,51,24.6,0.1,75,20.7,25.5,0.0,0.0,0.0,1016.1,100,57,100,100,24140.0,0.2,33.4,137,0.0,0.0,0.0,0.0,0.0,0.0,70.0,0.4,-7.0,0.0,
2026-01-05T20:00,2.7,184,8.8,1.32,154,4.65,2.14,201,8.9,,32.4,151,46.4,1016.8,3,25.2,0.0,29.8,135,38.9,1016.2,3,25.6,0.0,30.1,151,33.1,1016.4,3,24.2,0.0,29.4,158,35.6,1016.6,3,25.1,0.0,23.9,124,,1016.3,51,24.6,0.1,74,20.6,25.4,0.0,0.0,0.0,1016.2,100,57,100,100,24140.0,0.2,34.1,136,0.0,0.0,0.0,0.0,0.0,0.0,60.0,0.5,-4.0,0.0,
2026-01-05T20:15,2.68,184,8.8,1.3,153,4.6,2.14,201,8.85,,31.9,152,45.7,1017.1,3,25.2,0.0,29.8,135,39.2,1016.4,3,25.7,0.0,30.3,150,33.1,1016.5,3,24.2,0.0,29.9,158,36.0,1016.8,3,25.1,0.0,24.2,123,,1016.4,51,24.6,0.1,73,20.5,25.5,0.0,0.0,0.0,1016.4,100,61,99,100,24140.0,0.21,34.1,134,0.0,0.0,0.0,0.0,0.0,0.0,60.0,0.5,-4.0,0.0,
2026-01-05T20:30,2.68,183,8.8,1.28,152,4.55,2.14,201,8.8,,31.4,152,45.4,1017.3,3,25.2,0.0,29.8,133,39.2,1016.6,3,25.8,0.0,30.5,150,33.1,1016.5,3,24.2,0.0,30.2,157,36.4,1016.9,3,25.1,0.0,24.2,123,,1016.5,51,24.7,0.1,72,20.3,25.4,0.0,0.0,0.0,1016.6,100,65,98,100,24140.0,0.22,34.1,132,0.0,0.0,0.0,0.0,0.0,0.0,60.0,0.6,-5.0,0.0,
2026-01-05T20:45,2.66,183,8.75,1.26,151,4.5,2.14,201,8.7,,31.1,152,44.6,1017.4,3,25.3,0.0,29.1,131,39.2,1016.8,3,25.8,0.0,31.0,149,33.1,1016.6,3,24.3,0.0,30.4,156,37.1,1017.1,3,25.1,0.0,24.0,123,,1016.6,51,24.8,0.1,71,20.1,25.5,0.0,0.0,0.0,1016.8,100,69,97,100,24140.0,0.23,33.7,131,0.0,0.0,0.0,0.0,0.0,0.0,60.0,0.6,-6.0,0.0,
2026-01-05T21:00,2.66,183,8.75,1.24,150,4.45,2.14,201,8.65,,30.6,152,44.3,1017.5,3,25.3,0.0,28.9,129,39.2,1017.0,3,25.9,0.0,31.0,149,33.1,1016.7,3,24.3,0.0,30.8,154,37.4,1017.2,3,25.2,0.0,24.0,123,,1016.6,51,24.8,0.1,71,20.2,25.6,0.0,0.0,0.0,1017.0,100,73,96,100,24140.0,0.23,33.5,129,0.0,0.0,0.0,0.0,0.0,0.0,60.0,0.6,-6.0,0.0,
2026-01-05T21:15,2.64,183,8.75,1.18,150,4.4,2.16,200,8.6,,30.3,152,43.6,1017.6,3,25.3,0.0,28.4,128,38.9,1017.1,3,25.9,0.0,31.0,149,32.8,1016.9,51,24.4,0.1,31.1,153,37.8,1017.3,3,25.2,0.0,23.8,122,,1016.6,51,24.8,0.1,71,20.2,25.7,0.0,0.0,0.0,1017.1,100,75,96,100,24140.0,0.23,33.1,128,0.0,0.0,0.0,0.0,0.0,0.0,60.0,0.6,-5.0,0.0,
2026-01-05T21:30,2.64,183,8.7,1.14,150,4.3,2.16,200,8.5,,29.8,152,43.2,1017.6,3,25.3,0.0,28.0,127,38.5,1017.1,3,25.9,0.0,30.5,150,32.0,1017.1,51,24.4,0.1,31.1,152,37.8,1017.4,3,25.2,0.0,23.8,122,,1016.6,51,24.8,0.1,71,20.2,25.7,0.0,0.0,0.0,1017.1,100,76,96,100,24140.0,0.22,32.6,127,0.0,0.0,0.0,0.0,0.0,0.0,60.0,0.7,-3.0,0.0,
2026-01-05T21:45,2.62,184,8.7,1.1,150,4.2,2.18,199,8.4,,29.5,152,42.5,1017.5,3,25.3,0.0,27.8,127,37.8,1017.0,3,25.9,0.0,29.8,150,31.7,1017.4,51,24.4,0.1,31.4,150,38.2,1017.5,3,25.2,0.0,23.6,121,,1016.6,51,24.8,0.1,72,20.4,25.9,0.0,0.0,0.0,1017.0,100,78,96,100,24140.0,0.21,32.4,127,0.0,0.0,0.0,0.0,0.0,0.0,60.0,0.7,-1.0,0.0,
2026-01-05T22:00,2.6,184,8.7,1.04,150,4.1,2.18,198,8.3,,28.7,152,41.8,1017.5,3,25.3,0.0,27.4,125,37.4,1017.0,3,25.9,0.0,29.8,150,31.0,1017.5,51,24.4,0.1,31.3,150,38.2,1017.5,3,25.2,0.0,23.4,121,,1016.6,51,24.9,0.1,72,20.4,25.9,0.0,0.0,0.0,1017.0,100,79,96,100,24140.0,0.21,31.7,126,0.0,0.0,0.0,0.0,0.0,0.0,60.0,0.8,0.0,0.0,
2026-01-05T22:15,2.6,184,8.65,1.0,150,4.0,2.2,197,8.2,,28.4,151,41.0,1017.4,3,25.3,0.0,26.7,125,37.1,1017.0,3,25.9,0.0,29.8,150,30.6,1017.5,3,24.4,0.0,31.2,149,38.2,1017.5,3,25.2,0.0,23.2,120,,1016.5,51,24.9,0.1,72,20.4,26.0,0.0,0.0,0.0,1017.0,100,78,97,100,23480.0,0.21,31.3,125,0.0,0.0,0.0,0.0,0.0,0.0,60.0,0.9,1.0,0.0,
2026-01-05T22:30,2.58,184,8.65,0.94,149,3.9,2.22,197,8.1,,28.0,151,40.3,1017.3,3,25.2,0.0,26.0,124,36.7,1016.9,3,25.8,0.0,30.0,150,29.9,1017.4,3,24.4,0.0,31.1,148,38.2,1017.4,3,25.2,0.0,22.9,118,,1016.5,51,24.9,0.1,72,20.4,26.1,0.0,0.0,0.0,1016.9,100,77,98,100,22820.0,0.21,30.4,124,0.0,0.0,0.0,0.0,0.0,0.0,60.0,0.9,1.0,0.0,
2026-01-05T22:45,2.56,184,8.65,0.9,149,3.8,2.22,196,8.0,,27.6,151,39.6,1017.2,3,25.2,0.0,25.5,123,36.0,1016.9,3,25.8,0.0,30.5,150,29.5,1017.3,3,24.4,0.0,30.7,146,38.2,1017.3,3,25.2,0.0,22.4,118,,1016.4,51,24.9,0.1,72,20.4,26.1,0.0,0.0,0.0,1016.9,100,76,99,100,22160.0,0.21,29.7,123,0.0,0.0,0.0,0.0,0.0,0.0,60.0,1.0,0.0,0.0,
2026-01-05T23:00,2.56,184,8.65,0.84,149,3.7,2.24,195,7.9,,27.2,151,38.9,1017.1,3,25.2,0.0,25.0,123,35.6,1016.8,3,25.8,0.0,30.7,149,29.5,1017.2,3,24.4,0.0,30.4,146,38.2,1017.2,3,25.2,0.0,22.2,117,,1016.3,51,24.9,0.1,72,20.3,26.1,0.0,0.0,0.0,1016.8,100,75,100,100,21500.0,0.21,29.2,123,0.0,0.0,0.0,0.0,0.0,0.0,60.0,1.0,0.0,0.0,
2026-01-05T23:15,2.54,185,8.6,0.8,149,3.6,2.24,194,7.8,,26.9,150,38.2,1017.0,3,25.2,0.0,24.9,124,34.9,1016.7,3,25.7,0.0,30.9,148,29.9,1017.1,3,24.4,0.0,29.8,145,37.8,1017.1,3,25.2,0.0,21.9,115,,1016.2,51,25.0,0.1,72,20.3,26.1,0.0,0.0,0.0,1016.7,100,73,100,100,22160.0,0.21,28.6,124,0.0,0.0,0.0,0.0,0.0,0.0,70.0,0.9,0.0,0.0,
2026-01-05T23:30,2.52,185,8.6,0.74,149,3.5,2.26,194,7.75,,26.6,150,37.4,1016.9,3,25.2,0.0,24.7,127,34.2,1016.5,3,25.6,0.0,31.1,148,30.6,1017.0,3,24.5,0.0,29.2,145,37.4,1017.1,3,25.2,0.0,21.4,115,,1016.1,51,25.0,0.1,73,20.4,26.1,0.0,0.0,0.0,1016.5,100,70,100,100,22820.0,0.21,28.4,126,0.0,0.0,0.0,0.0,0.0,0.0,70.0,0.9,1.0,0.0,
2026-01-05T23:45,2.52,185,8.6,0.68,149,3.45,2.26,193,7.7,,26.1,150,36.7,1016.8,3,25.2,0.0,24.9,129,33.1,1016.3,3,25.5,0.0,31.3,147,31.3,1016.8,3,24.5,0.0,28.9,144,37.1,1017.0,3,25.2,0.0,21.1,113,,1016.0,51,25.0,0.1,73,20.3,25.9,0.0,0.0,0.0,1016.3,100,68,99,100,23480.0,0.2,27.9,128,0.0,0.0,0.0,0.0,0.0,0.0,80.0,0.7,-0.0,0.0,
2026-01-06T00:00,2.5,185,8.6,0.64,149,3.4,2.28,192,7.65,,25.8,150,36.4,1016.7,3,25.2,0.0,24.8,131,32.8,1016.2,3,25.4,0.0,31.0,147,31.7,1016.7,3,24.5,0.0,28.3,143,36.7,1016.9,3,25.2,0.0,20.9,111,,1015.9,51,25.0,0.1,74,20.4,25.9,0.0,0.0,0.0,1016.2,100,65,99,100,24140.0,0.2,27.6,130,0.0,0.0,0.0,0.0,0.0,0.0,90.0,0.6,-4.0,0.0,
2026-01-06T00:15,2.48,185,8.6,0.64,149,3.35,2.26,193,7.65,,25.5,149,36.0,1016.6,3,25.2,0.0,24.5,133,32.8,1016.1,3,25.3,0.0,30.7,146,31.7,1016.6,3,24.5,0.0,28.0,143,36.4,1016.8,3,25.2,0.0,20.4,111,,1015.8,51,25.0,0.1,75,20.5,25.9,0.0,0.0,0.0,1016.1,100,63,99,100,24140.0,0.2,27.3,131,0.0,0.0,0.0,0.0,0.0,0.0,100.0,0.4,-14.0,0.0,
2026-01-06T00:30,2.48,185,8.6,0.64,149,3.35,2.22,194,7.65,,25.3,150,35.3,1016.5,3,25.2,0.0,24.2,133,32.8,1016.1,3,25.2,0.0,30.4,146,31.3,1016.5,3,24.5,0.0,27.4,142,35.6,1016.7,3,25.1,0.0,20.2,109,,1015.7,51,25.0,0.1,76,20.7,25.9,0.0,0.0,0.0,1016.1,100,61,99,100,24140.0,0.2,26.8,132,0.0,0.0,0.0,0.0,0.0,0.0,110.0,0.2,-29.0,0.0,
2026-01-06T00:45,2.46,185,8.6,0.64,149,3.3,2.2,195,7.7,,25.3,150,34.9,1016.3,3,25.2,0.0,23.7,134,33.1,1016.1,3,25.1,0.0,29.6,146,31.0,1016.5,3,24.5,0.0,26.9,142,34.9,1016.6,3,25.1,0.0,19.6,107,,1015.6,51,25.0,0.1,76,20.6,25.9,0.0,0.0,0.0,1016.1,100,58,98,100,24140.0,0.19,26.2,134,0.0,0.0,0.0,0.0,0.0,0.0,120.0,0.0,-42.0,0.0,
2026-01-06T01:00,2.44,185,8.6,0.64,149,3.3,2.18,195,7.7,,25.1,151,34.6,1016.2,3,25.2,0.0,23.4,135,33.1,1016.0,3,25.1,0.0,29.3,146,30.6,1016.4,3,24.5,0.0,26.9,142,34.6,1016.5,3,25.1,0.0,19.5,106,,1015.5,51,25.0,0.1,77,20.8,25.9,0.0,0.0,0.0,1016.0,100,56,98,100,24140.0,0.19,26.0,135,0.0,0.0,0.0,0.0,0.0,0.0,130.0,-0.1,-49.0,0.0,
2026-01-06T01:15,2.44,185,8.6,0.64,149,3.3,2.14,196,7.8,,24.8,150,34.2,1016.0,3,25.2,0.0,23.4,136,32.8,1015.9,3,25.0,0.0,29.0,145,30.2,1016.4,3,24.5,0.0,27.0,143,34.2,1016.3,3,25.1,0.0,18.9,104,,1015.4,51,25.0,0.1,78,20.9,26.0,0.0,0.0,0.0,1015.9,100,53,99,100,24140.0,0.18,26.0,136,0.0,0.0,0.0,0.0,0.0,0.0,130.0,-0.0,-45.0,0.0,
2026-01-06T01:30,2.42,185,8.6,0.66,149,3.3,2.12,197,7.85,,24.7,151,33.8,1015.9,3,25.2,0.0,23.7,137,32.0,1015.7,3,25.0,0.0,29.0,145,30.2,1016.3,3,24.5,0.0,27.6,144,34.2,1016.2,3,25.1,0.0,18.9,103,,1015.4,51,25.0,0.1,78,20.9,25.9,0.0,0.0,0.0,1015.7,100,50,99,100,24140.0,0.18,26.0,136,0.0,0.0,0.0,0.0,0.0,0.0,130.0,0.1,-34.0,0.0,
2026-01-06T01:45,2.4,185,8.6,0.66,150,3.35,2.1,198,7.9,,24.7,151,33.5,1015.7,3,25.2,0.0,24.0,137,31.7,1015.5,3,25.0,0.0,29.0,145,30.2,1016.3,3,24.4,0.0,28.3,146,34.6,1016.0,3,25.1,0.0,18.4,101,,1015.3,51,25.0,0.1,79,21.1,25.9,0.0,0.0,0.0,1015.5,100,47,100,100,24140.0,0.17,26.2,137,0.0,0.0,0.0,0.0,0.0,0.0,130.0,0.3,-23.0,0.0,
2026-01-06T02:00,2.4,185,8.6,0.66,150,3.35,2.06,199,7.95,,24.7,151,33.5,1015.6,3,25.2,0.0,24.0,137,31.3,1015.4,3,25.0,0.0,29.2,145,29.9,1016.2,3,24.4,0.0,28.7,147,34.6,1015.8,3,25.1,0.0,18.2,99,,1015.3,51,25.0,0.1,79,21.1,25.9,0.0,0.0,0.0,1015.4,100,44,100,100,24140.0,0.17,26.2,137,0.0,0.0,0.0,0.0,0.0,0.0,130.0,0.3,-19.0,0.0,
2026-01-06T02:15,2.38,185,8.6,0.66,150,3.35,2.04,200,8.05,,24.5,152,33.1,1015.5,3,25.2,0.0,24.0,137,31.3,1015.3,3,25.0,0.0,29.7,144,29.5,1016.1,3,24.4,0.0,29.1,149,34.9,1015.7,3,25.0,0.0,17.8,98,,1015.2,51,25.0,0.1,79,21.1,25.9,0.0,0.0,0.0,1015.3,100,46,100,100,24140.0,0.17,26.2,137,0.0,0.0,0.0,0.0,0.0,0.0,130.0,0.0,-27.0,0.0,
2026-01-06T02:30,2.36,185,8.6,0.66,150,3.4,2.02,200,8.1,,24.5,152,33.1,1015.4,3,25.2,0.0,24.0,137,31.7,1015.3,3,25.0,0.0,30.4,144,29.2,1015.9,3,24.4,0.0,29.3,151,35.3,1015.5,3,25.0,0.0,17.4,97,,1015.2,51,25.0,0.1,79,21.1,25.9,0.0,0.0,0.0,1015.3,100,47,100,100,24140.0,0.17,26.2,137,0.0,0.0,0.0,0.0,0.0,0.0,130.0,-0.4,-41.0,0.0,
2026-01-06T02:45,2.36,185,8.6,0.66,150,3.4,1.98,201,8.1,,24.7,151,32.8,1015.3,3,25.2,0.0,23.7,137,31.7,1015.3,3,25.0,0.0,31.4,143,28.8,1015.8,3,24.3,0.0,29.5,152,35.6,1015.4,3,25.0,0.0,17.3,95,,1015.2,51,25.0,0.1,79,21.1,25.9,0.0,0.0,0.0,1015.3,100,49,100,100,24140.0,0.18,26.5,136,0.0,0.0,0.0,0.0,0.0,0.0,130.0,-0.8,-56.0,0.0,
2026-01-06T03:00,2.34,185,8.6,0.66,150,3.4,1.96,202,8.15,,24.7,151,32.8,1015.3,3,25.2,0.0,23.7,136,32.0,1015.3,3,25.0,0.0,31.8,142,28.8,1015.7,3,24.3,0.0,29.6,153,36.0,1015.4,3,25.0,0.0,17.0,94,,1015.2,51,25.0,0.1,79,21.1,25.9,0.0,0.0,0.0,1015.3,100,50,100,100,24140.0,0.18,26.5,135,0.0,0.0,0.0,0.0,0.0,0.0,130.0,-1.1,-64.0,0.0,
2026-01-06T03:15,2.34,185,8.6,0.66,149,3.4,1.96,202,8.15,,24.8,150,32.8,1015.3,3,25.2,0.0,23.7,134,32.0,1015.3,3,25.0,0.0,31.8,141,28.8,1015.7,3,24.4,0.0,29.6,153,36.0,1015.4,3,25.0,0.0,16.6,92,,1015.2,55,24.9,0.3,79,21.1,25.9,0.0,0.0,0.0,1015.3,100,52,100,100,24140.0,0.18,26.7,133,0.0,0.0,0.0,0.0,0.0,0.0,130.0,-1.2,-62.0,0.0,
2026-01-06T03:30,2.32,185,8.6,0.68,149,3.4,1.94,202,8.2,,24.7,149,32.8,1015.3,3,25.2,0.0,24.0,133,32.0,1015.3,3,25.0,0.0,31.7,140,28.8,1015.6,3,24.4,0.0,29.7,151,36.0,1015.5,3,25.0,0.0,16.6,90,,1015.3,55,24.9,0.3,79,21.1,25.9,0.0,0.0,0.0,1015.3,100,54,100,100,24140.0,0.18,27.0,132,0.0,0.0,0.0,0.0,0.0,0.0,140.0,-1.1,-55.0,0.0,
2026-01-06T03:45,2.32,185,8.6,0.68,148,3.45,1.94,202,8.2,,24.9,149,33.1,1015.4,3,25.2,0.0,24.2,131,32.0,1015.3,3,25.0,0.0,31.1,138,29.2,1015.7,3,24.5,0.0,29.2,150,36.0,1015.6,3,25.0,0.0,16.2,89,,1015.4,55,24.9,0.3,79,21.1,25.8,0.0,0.0,0.0,1015.3,100,56,100,100,24140.0,0.17,27.3,130,0.0,0.0,0.0,0.0,0.0,0.0,140.0,-1.0,-46.0,0.0,
